<?xml version = '1.0' encoding = 'UTF-8'?>
<Entity class="oracle.dbtools.crest.model.design.logical.Entity" directorySegmentName="seg_0" id="022DA846-812E-3BAB-1158-34AD6D5F18BA" name="DEPARTMENTS">
<createdBy>bvives</createdBy>
<createdTime>2019-01-28 08:38:46 UTC</createdTime>
<ownerDesignName>HR-OE</ownerDesignName>
<engineerTo>
<item key="FC1E6755-FDCE-71DD-4BFD-D27EBC8ACD0F" value="true"/>
</engineerTo>
<adequatelyNormalized>NO</adequatelyNormalized>
<expectedVolumes>0</expectedVolumes>
<fwdEngineeringStrategyName>Single Table</fwdEngineeringStrategyName>
<growthPercent>0</growthPercent>
<growthType>Year</growthType>
<maxVolumes>9999999</maxVolumes>
<minVolumes>0</minVolumes>
<normalForm>Third</normalForm>
<attributes itemClass="oracle.dbtools.crest.model.design.logical.Attribute">
<Attribute name="DEPARTMENT_ID" id="FECFE0E3-1805-06CD-8982-5B10F33F161E">
<createdBy>bvives</createdBy>
<createdTime>2019-01-28 08:38:56 UTC</createdTime>
<ownerDesignName>HR-OE</ownerDesignName>
<engineerTo>
<item key="FC1E6755-FDCE-71DD-4BFD-D27EBC8ACD0F" value="true"/>
</engineerTo>
<useDomainConstraints>false</useDomainConstraints>
<use>1</use>
<logicalDatatype>LOGDT019</logicalDatatype>
<dataTypePrecision>4</dataTypePrecision>
<ownDataTypeParameters>,4,</ownDataTypeParameters>
</Attribute>
<Attribute name="DEPARTMENT_NAME" id="B5ECF351-134A-01CB-99F7-4E5AAA4A7BC3">
<createdBy>bvives</createdBy>
<createdTime>2019-01-28 08:39:55 UTC</createdTime>
<ownerDesignName>HR-OE</ownerDesignName>
<engineerTo>
<item key="FC1E6755-FDCE-71DD-4BFD-D27EBC8ACD0F" value="true"/>
</engineerTo>
<useDomainConstraints>false</useDomainConstraints>
<use>1</use>
<logicalDatatype>LOGDT024</logicalDatatype>
<dataTypeSize>30</dataTypeSize>
<ownDataTypeParameters>30,,</ownDataTypeParameters>
</Attribute>
<Attribute name="LOCATION_ID" id="C0AA5CFB-959D-D733-F084-D023B17D7788">
<createdBy>bvives</createdBy>
<createdTime>2019-01-28 08:48:45 UTC</createdTime>
<generatorID>9C7E3B53-EE7D-A3A0-6AEC-B8D304C7F84D</generatorID>
<ownerDesignName>HR-OE</ownerDesignName>
<engineerTo>
<item key="FC1E6755-FDCE-71DD-4BFD-D27EBC8ACD0F" value="true"/>
</engineerTo>
<nullsAllowed>true</nullsAllowed>
<referedAttribute>73E27236-F71A-530A-7E68-5F99949F9D25</referedAttribute>
<useDomainConstraints>false</useDomainConstraints>
<use>1</use>
<logicalDatatype>LOGDT019</logicalDatatype>
<dataTypePrecision>4</dataTypePrecision>
<ownDataTypeParameters>,,</ownDataTypeParameters>
</Attribute>
<Attribute name="EMPLOYEE_ID" id="D11F71C9-DF79-E961-A948-2857E5201F06">
<createdBy>bvives</createdBy>
<createdTime>2019-01-28 08:49:38 UTC</createdTime>
<generatorID>AD0E61F3-EF38-4EB1-5CF7-81348AAE28FB</generatorID>
<ownerDesignName>HR-OE</ownerDesignName>
<engineerTo>
<item key="FC1E6755-FDCE-71DD-4BFD-D27EBC8ACD0F" value="true"/>
</engineerTo>
<nullsAllowed>true</nullsAllowed>
<referedAttribute>8359E579-E682-249F-BFCB-15B5556240A7</referedAttribute>
<useDomainConstraints>false</useDomainConstraints>
<use>1</use>
<logicalDatatype>LOGDT019</logicalDatatype>
<dataTypePrecision>6</dataTypePrecision>
<ownDataTypeParameters>,,</ownDataTypeParameters>
</Attribute>
</attributes>
<identifiers itemClass="oracle.dbtools.crest.model.design.logical.CandidateKey">
<identifier id="F647DB5C-43DE-C043-EAA9-EAE568DA1DBF" name="DEP_ID_PK">
<createdBy>bvives</createdBy>
<createdTime>2019-01-28 08:39:10 UTC</createdTime>
<ownerDesignName>HR-OE</ownerDesignName>
<engineerTo>
<item key="FC1E6755-FDCE-71DD-4BFD-D27EBC8ACD0F" value="true"/>
</engineerTo>
<pk>true</pk>
<newElementsIDs>FECFE0E3-1805-06CD-8982-5B10F33F161E</newElementsIDs>
<usedAttributes>
<attributeRef>FECFE0E3-1805-06CD-8982-5B10F33F161E</attributeRef>
</usedAttributes>
</identifier>
</identifiers>
</Entity>