<?xml version = '1.0' encoding = 'UTF-8'?>
<Entity class="oracle.dbtools.crest.model.design.logical.Entity" directorySegmentName="seg_0" id="6345FAB7-3D84-C64F-B0FB-5719F85BD733" name="COUNTRIES">
<createdBy>bvives</createdBy>
<createdTime>2019-01-28 08:45:39 UTC</createdTime>
<ownerDesignName>HR-OE</ownerDesignName>
<engineerTo>
<item key="FC1E6755-FDCE-71DD-4BFD-D27EBC8ACD0F" value="true"/>
</engineerTo>
<adequatelyNormalized>NO</adequatelyNormalized>
<expectedVolumes>0</expectedVolumes>
<fwdEngineeringStrategyName>Single Table</fwdEngineeringStrategyName>
<growthPercent>0</growthPercent>
<growthType>Year</growthType>
<maxVolumes>9999999</maxVolumes>
<minVolumes>0</minVolumes>
<normalForm>Third</normalForm>
<attributes itemClass="oracle.dbtools.crest.model.design.logical.Attribute">
<Attribute name="COUNTRY_ID" id="20530D81-88FC-B05C-5F92-3E95824FF0FA">
<createdBy>bvives</createdBy>
<createdTime>2019-01-28 08:45:46 UTC</createdTime>
<ownerDesignName>HR-OE</ownerDesignName>
<engineerTo>
<item key="FC1E6755-FDCE-71DD-4BFD-D27EBC8ACD0F" value="true"/>
</engineerTo>
<useDomainConstraints>false</useDomainConstraints>
<use>1</use>
<logicalDatatype>LOGDT024</logicalDatatype>
<dataTypeSize>2</dataTypeSize>
<ownDataTypeParameters>2,,</ownDataTypeParameters>
</Attribute>
<Attribute name="COUNTRY_NAME" id="BB35213A-AF9B-9060-4DD9-9FA5DACE8653">
<createdBy>bvives</createdBy>
<createdTime>2019-01-28 08:45:51 UTC</createdTime>
<ownerDesignName>HR-OE</ownerDesignName>
<engineerTo>
<item key="FC1E6755-FDCE-71DD-4BFD-D27EBC8ACD0F" value="true"/>
</engineerTo>
<nullsAllowed>true</nullsAllowed>
<useDomainConstraints>false</useDomainConstraints>
<use>1</use>
<logicalDatatype>LOGDT024</logicalDatatype>
<dataTypeSize>40</dataTypeSize>
<ownDataTypeParameters>40,,</ownDataTypeParameters>
</Attribute>
<Attribute name="REGION_ID" id="817C9312-0701-FC1E-E7F0-692ED28492B3">
<createdBy>bvives</createdBy>
<createdTime>2019-01-28 08:47:39 UTC</createdTime>
<generatorID>41F2D13D-30D0-5123-3CE0-4F32591B3620</generatorID>
<ownerDesignName>HR-OE</ownerDesignName>
<engineerTo>
<item key="FC1E6755-FDCE-71DD-4BFD-D27EBC8ACD0F" value="true"/>
</engineerTo>
<nullsAllowed>true</nullsAllowed>
<referedAttribute>DED97710-5567-9516-0911-251EEDAD0B8C</referedAttribute>
<useDomainConstraints>false</useDomainConstraints>
<use>1</use>
<logicalDatatype>LOGDT019</logicalDatatype>
<dataTypePrecision>2</dataTypePrecision>
<ownDataTypeParameters>,,</ownDataTypeParameters>
</Attribute>
</attributes>
<identifiers itemClass="oracle.dbtools.crest.model.design.logical.CandidateKey">
<identifier id="32B06EDC-215C-5327-73A2-EC08B34FE5BB" name="COUNTRY_C_ID_PK">
<createdBy>bvives</createdBy>
<createdTime>2019-01-28 08:46:07 UTC</createdTime>
<ownerDesignName>HR-OE</ownerDesignName>
<engineerTo>
<item key="FC1E6755-FDCE-71DD-4BFD-D27EBC8ACD0F" value="true"/>
</engineerTo>
<pk>true</pk>
<newElementsIDs>20530D81-88FC-B05C-5F92-3E95824FF0FA</newElementsIDs>
<usedAttributes>
<attributeRef>20530D81-88FC-B05C-5F92-3E95824FF0FA</attributeRef>
</usedAttributes>
</identifier>
</identifiers>
</Entity>