<?xml version = '1.0' encoding = 'UTF-8'?>
<Entity class="oracle.dbtools.crest.model.design.logical.Entity" directorySegmentName="seg_0" id="9ED5CE87-417B-0D7D-D0C4-2BE83BFD6463" name="REGIONS">
<createdBy>bvives</createdBy>
<createdTime>2019-01-28 08:46:57 UTC</createdTime>
<ownerDesignName>HR-OE</ownerDesignName>
<engineerTo>
<item key="FC1E6755-FDCE-71DD-4BFD-D27EBC8ACD0F" value="true"/>
</engineerTo>
<adequatelyNormalized>NO</adequatelyNormalized>
<expectedVolumes>0</expectedVolumes>
<fwdEngineeringStrategyName>Single Table</fwdEngineeringStrategyName>
<growthPercent>0</growthPercent>
<growthType>Year</growthType>
<maxVolumes>9999999</maxVolumes>
<minVolumes>0</minVolumes>
<normalForm>Third</normalForm>
<attributes itemClass="oracle.dbtools.crest.model.design.logical.Attribute">
<Attribute name="REGION_ID" id="DED97710-5567-9516-0911-251EEDAD0B8C">
<createdBy>bvives</createdBy>
<createdTime>2019-01-28 08:47:02 UTC</createdTime>
<ownerDesignName>HR-OE</ownerDesignName>
<engineerTo>
<item key="FC1E6755-FDCE-71DD-4BFD-D27EBC8ACD0F" value="true"/>
</engineerTo>
<useDomainConstraints>false</useDomainConstraints>
<use>1</use>
<logicalDatatype>LOGDT019</logicalDatatype>
<dataTypePrecision>2</dataTypePrecision>
<ownDataTypeParameters>,2,</ownDataTypeParameters>
</Attribute>
<Attribute name="REGION_NAME" id="96D4B56F-9965-CB52-46F7-437083BD2958">
<createdBy>bvives</createdBy>
<createdTime>2019-01-28 09:01:04 UTC</createdTime>
<ownerDesignName>HR-OE</ownerDesignName>
<engineerTo>
<item key="FC1E6755-FDCE-71DD-4BFD-D27EBC8ACD0F" value="true"/>
</engineerTo>
<nullsAllowed>true</nullsAllowed>
<useDomainConstraints>false</useDomainConstraints>
<use>1</use>
<logicalDatatype>LOGDT024</logicalDatatype>
<dataTypeSize>25</dataTypeSize>
<ownDataTypeParameters>25,,</ownDataTypeParameters>
</Attribute>
</attributes>
<identifiers itemClass="oracle.dbtools.crest.model.design.logical.CandidateKey">
<identifier id="3AD0F777-13BE-8725-8751-BA00BB999A45" name="REGION_ID_PK">
<createdBy>bvives</createdBy>
<createdTime>2019-01-28 08:47:21 UTC</createdTime>
<ownerDesignName>HR-OE</ownerDesignName>
<engineerTo>
<item key="FC1E6755-FDCE-71DD-4BFD-D27EBC8ACD0F" value="true"/>
</engineerTo>
<pk>true</pk>
<newElementsIDs>DED97710-5567-9516-0911-251EEDAD0B8C</newElementsIDs>
<usedAttributes>
<attributeRef>DED97710-5567-9516-0911-251EEDAD0B8C</attributeRef>
</usedAttributes>
</identifier>
</identifiers>
</Entity>