<?xml version = '1.0' encoding = 'UTF-8'?>
<Entity class="oracle.dbtools.crest.model.design.logical.Entity" directorySegmentName="seg_0" id="A5AFEE12-47D1-06DF-C5F1-75D0694656D6" name="ORDERS">
<createdBy>bvives</createdBy>
<createdTime>2019-01-28 10:20:06 UTC</createdTime>
<ownerDesignName>HR-OE</ownerDesignName>
<shouldEngineer>false</shouldEngineer>
<engineerTo>
<item key="B55ED2C6-C1BA-7A37-DD77-26C4BC6F8038" value="false"/>
</engineerTo>
<adequatelyNormalized>NO</adequatelyNormalized>
<expectedVolumes>0</expectedVolumes>
<fwdEngineeringStrategyName>Single Table</fwdEngineeringStrategyName>
<growthPercent>0</growthPercent>
<growthType>Year</growthType>
<maxVolumes>9999999</maxVolumes>
<minVolumes>0</minVolumes>
<normalForm>Third</normalForm>
<attributes itemClass="oracle.dbtools.crest.model.design.logical.Attribute">
<Attribute name="ORDER_ID" id="790230FE-C029-5D8C-654C-0BAB2CE02AEC">
<createdBy>bvives</createdBy>
<createdTime>2019-01-28 10:20:12 UTC</createdTime>
<ownerDesignName>HR-OE</ownerDesignName>
<shouldEngineer>false</shouldEngineer>
<engineerTo>
<item key="B55ED2C6-C1BA-7A37-DD77-26C4BC6F8038" value="false"/>
</engineerTo>
<useDomainConstraints>false</useDomainConstraints>
<use>1</use>
<logicalDatatype>LOGDT019</logicalDatatype>
<dataTypePrecision>12</dataTypePrecision>
<ownDataTypeParameters>,12,</ownDataTypeParameters>
</Attribute>
<Attribute name="ORDER_DATE" id="5B7B1717-F219-F1DF-5F2B-E8F35BBF9863">
<createdBy>bvives</createdBy>
<createdTime>2019-01-28 10:21:03 UTC</createdTime>
<ownerDesignName>HR-OE</ownerDesignName>
<shouldEngineer>false</shouldEngineer>
<engineerTo>
<item key="B55ED2C6-C1BA-7A37-DD77-26C4BC6F8038" value="false"/>
</engineerTo>
<useDomainConstraints>false</useDomainConstraints>
<use>1</use>
<logicalDatatype>LOGDT007</logicalDatatype>
<ownDataTypeParameters>,,</ownDataTypeParameters>
</Attribute>
<Attribute name="ORDER_MODE" id="B097A544-2C32-6F2C-3928-6155058C83FB">
<createdBy>bvives</createdBy>
<createdTime>2019-01-28 10:21:20 UTC</createdTime>
<ownerDesignName>HR-OE</ownerDesignName>
<shouldEngineer>false</shouldEngineer>
<engineerTo>
<item key="B55ED2C6-C1BA-7A37-DD77-26C4BC6F8038" value="false"/>
</engineerTo>
<nullsAllowed>true</nullsAllowed>
<useDomainConstraints>false</useDomainConstraints>
<use>1</use>
<logicalDatatype>LOGDT024</logicalDatatype>
<dataTypeSize>8</dataTypeSize>
<ownDataTypeParameters>8,,</ownDataTypeParameters>
</Attribute>
<Attribute name="ORDER_STATUS" id="ECA5BCA6-214E-0658-076C-D4DF31F8C991">
<createdBy>bvives</createdBy>
<createdTime>2019-01-28 10:21:38 UTC</createdTime>
<ownerDesignName>HR-OE</ownerDesignName>
<shouldEngineer>false</shouldEngineer>
<engineerTo>
<item key="B55ED2C6-C1BA-7A37-DD77-26C4BC6F8038" value="false"/>
</engineerTo>
<nullsAllowed>true</nullsAllowed>
<useDomainConstraints>false</useDomainConstraints>
<use>1</use>
<logicalDatatype>LOGDT019</logicalDatatype>
<dataTypePrecision>2</dataTypePrecision>
<ownDataTypeParameters>,2,</ownDataTypeParameters>
</Attribute>
<Attribute name="ORDER_TOTAL" id="9770FF81-59CA-1AE2-2615-407DFED55EF9">
<createdBy>bvives</createdBy>
<createdTime>2019-01-28 10:22:27 UTC</createdTime>
<ownerDesignName>HR-OE</ownerDesignName>
<shouldEngineer>false</shouldEngineer>
<engineerTo>
<item key="B55ED2C6-C1BA-7A37-DD77-26C4BC6F8038" value="false"/>
</engineerTo>
<nullsAllowed>true</nullsAllowed>
<useDomainConstraints>false</useDomainConstraints>
<use>1</use>
<logicalDatatype>LOGDT019</logicalDatatype>
<dataTypePrecision>8</dataTypePrecision>
<dataTypeScale>2</dataTypeScale>
<ownDataTypeParameters>,8,2</ownDataTypeParameters>
</Attribute>
<Attribute name="EMPLOYEE_ID" id="213388B9-8531-34AE-1AA9-469935F96A21">
<createdBy>bvives</createdBy>
<createdTime>2019-01-28 10:44:51 UTC</createdTime>
<generatorID>396A8591-1A39-027E-12CB-300C48DF6BBD</generatorID>
<ownerDesignName>HR-OE</ownerDesignName>
<engineerTo>
<item key="B55ED2C6-C1BA-7A37-DD77-26C4BC6F8038" value="true"/>
</engineerTo>
<nullsAllowed>true</nullsAllowed>
<referedAttribute>8359E579-E682-249F-BFCB-15B5556240A7</referedAttribute>
<useDomainConstraints>false</useDomainConstraints>
<use>1</use>
<logicalDatatype>LOGDT019</logicalDatatype>
<dataTypePrecision>6</dataTypePrecision>
<ownDataTypeParameters>,,</ownDataTypeParameters>
</Attribute>
<Attribute name="CUSTOMER_ID" id="38A8E1F2-3AB9-4C43-BAB4-EE6075C9B6FE">
<createdBy>bvives</createdBy>
<createdTime>2019-01-28 10:55:26 UTC</createdTime>
<generatorID>0DC98980-A958-C6DF-A009-7E872F5E4A05</generatorID>
<ownerDesignName>HR-OE</ownerDesignName>
<engineerTo>
<item key="B55ED2C6-C1BA-7A37-DD77-26C4BC6F8038" value="true"/>
</engineerTo>
<nullsAllowed>true</nullsAllowed>
<referedAttribute>845E53FA-3B3C-E924-B5E0-577E2B54D8DF</referedAttribute>
<useDomainConstraints>false</useDomainConstraints>
<use>1</use>
<logicalDatatype>LOGDT019</logicalDatatype>
<dataTypePrecision>12</dataTypePrecision>
<ownDataTypeParameters>,,</ownDataTypeParameters>
</Attribute>
<Attribute name="PROMOTION_ID" id="8DAC3F16-C21E-0E9F-0B29-4CD359EFC3C5">
<createdBy>bvives</createdBy>
<createdTime>2019-01-28 11:17:54 UTC</createdTime>
<generatorID>A47AE43B-6197-E0FC-318B-983D684FF90F</generatorID>
<ownerDesignName>HR-OE</ownerDesignName>
<engineerTo>
<item key="B55ED2C6-C1BA-7A37-DD77-26C4BC6F8038" value="true"/>
</engineerTo>
<nullsAllowed>true</nullsAllowed>
<referedAttribute>8A6DC468-455C-E13C-1B9C-6A915B270848</referedAttribute>
<useDomainConstraints>false</useDomainConstraints>
<use>1</use>
<logicalDatatype>LOGDT019</logicalDatatype>
<dataTypePrecision>6</dataTypePrecision>
<ownDataTypeParameters>,,</ownDataTypeParameters>
</Attribute>
</attributes>
<identifiers itemClass="oracle.dbtools.crest.model.design.logical.CandidateKey">
<identifier id="5A6DB0DD-1618-5BA3-4C18-F864CBF51737" name="ORDERS PK">
<createdBy>bvives</createdBy>
<createdTime>2019-01-28 10:20:47 UTC</createdTime>
<ownerDesignName>HR-OE</ownerDesignName>
<shouldEngineer>false</shouldEngineer>
<engineerTo>
<item key="B55ED2C6-C1BA-7A37-DD77-26C4BC6F8038" value="false"/>
</engineerTo>
<pk>true</pk>
<usedAttributes>
<attributeRef>790230FE-C029-5D8C-654C-0BAB2CE02AEC</attributeRef>
</usedAttributes>
</identifier>
</identifiers>
</Entity>