<?xml version = '1.0' encoding = 'UTF-8'?>
<Entity class="oracle.dbtools.crest.model.design.logical.Entity" directorySegmentName="seg_0" id="AF655144-7BE0-EAB4-A975-D3F631819E65" name="EMPLOYEES">
<createdBy>bvives</createdBy>
<createdTime>2019-01-28 08:26:50 UTC</createdTime>
<ownerDesignName>HR-OE</ownerDesignName>
<shouldEngineer>false</shouldEngineer>
<engineerTo>
<item key="B55ED2C6-C1BA-7A37-DD77-26C4BC6F8038" value="false"/>
</engineerTo>
<adequatelyNormalized>NO</adequatelyNormalized>
<expectedVolumes>0</expectedVolumes>
<fwdEngineeringStrategyName>Single Table</fwdEngineeringStrategyName>
<growthPercent>0</growthPercent>
<growthType>Year</growthType>
<maxVolumes>9999999</maxVolumes>
<minVolumes>0</minVolumes>
<normalForm>Third</normalForm>
<attributes itemClass="oracle.dbtools.crest.model.design.logical.Attribute">
<Attribute name="EMPLOYEE_ID" id="8359E579-E682-249F-BFCB-15B5556240A7">
<createdBy>bvives</createdBy>
<createdTime>2019-01-28 08:26:57 UTC</createdTime>
<ownerDesignName>HR-OE</ownerDesignName>
<shouldEngineer>false</shouldEngineer>
<engineerTo>
<item key="B55ED2C6-C1BA-7A37-DD77-26C4BC6F8038" value="false"/>
</engineerTo>
<useDomainConstraints>false</useDomainConstraints>
<use>1</use>
<logicalDatatype>LOGDT019</logicalDatatype>
<dataTypePrecision>6</dataTypePrecision>
<ownDataTypeParameters>,6,</ownDataTypeParameters>
</Attribute>
<Attribute name="FIRST_NAME" id="6D1A4BCC-D1FE-B88E-A7D5-65E8A14F3855">
<createdBy>bvives</createdBy>
<createdTime>2019-01-28 08:27:52 UTC</createdTime>
<ownerDesignName>HR-OE</ownerDesignName>
<shouldEngineer>false</shouldEngineer>
<engineerTo>
<item key="B55ED2C6-C1BA-7A37-DD77-26C4BC6F8038" value="false"/>
</engineerTo>
<nullsAllowed>true</nullsAllowed>
<useDomainConstraints>false</useDomainConstraints>
<use>1</use>
<logicalDatatype>LOGDT024</logicalDatatype>
<dataTypeSize>20</dataTypeSize>
<ownDataTypeParameters>20,,</ownDataTypeParameters>
</Attribute>
<Attribute name="LAST_NAME" id="19AF74EC-4747-C2CE-60FF-499861D32E35">
<createdBy>bvives</createdBy>
<createdTime>2019-01-28 08:28:18 UTC</createdTime>
<ownerDesignName>HR-OE</ownerDesignName>
<shouldEngineer>false</shouldEngineer>
<engineerTo>
<item key="B55ED2C6-C1BA-7A37-DD77-26C4BC6F8038" value="false"/>
</engineerTo>
<useDomainConstraints>false</useDomainConstraints>
<use>1</use>
<logicalDatatype>LOGDT024</logicalDatatype>
<dataTypeSize>25</dataTypeSize>
<ownDataTypeParameters>25,,</ownDataTypeParameters>
</Attribute>
<Attribute name="EMAIL" id="520ABA14-ED3D-BEEB-CA7F-5AA3C745E60D">
<createdBy>bvives</createdBy>
<createdTime>2019-01-28 08:28:37 UTC</createdTime>
<ownerDesignName>HR-OE</ownerDesignName>
<shouldEngineer>false</shouldEngineer>
<engineerTo>
<item key="B55ED2C6-C1BA-7A37-DD77-26C4BC6F8038" value="false"/>
</engineerTo>
<useDomainConstraints>false</useDomainConstraints>
<use>1</use>
<logicalDatatype>LOGDT024</logicalDatatype>
<dataTypeSize>25</dataTypeSize>
<ownDataTypeParameters>25,,</ownDataTypeParameters>
</Attribute>
<Attribute name="PHONE_NUMBER" id="74508E31-9920-B2EE-15EA-A8FD48349AAE">
<createdBy>bvives</createdBy>
<createdTime>2019-01-28 08:32:25 UTC</createdTime>
<ownerDesignName>HR-OE</ownerDesignName>
<shouldEngineer>false</shouldEngineer>
<engineerTo>
<item key="B55ED2C6-C1BA-7A37-DD77-26C4BC6F8038" value="false"/>
</engineerTo>
<nullsAllowed>true</nullsAllowed>
<useDomainConstraints>false</useDomainConstraints>
<use>1</use>
<logicalDatatype>LOGDT024</logicalDatatype>
<dataTypeSize>20</dataTypeSize>
<ownDataTypeParameters>20,,</ownDataTypeParameters>
</Attribute>
<Attribute name="HIRE_DATE" id="9FDA52D2-5E99-35EA-1EAB-03B08AD02366">
<createdBy>bvives</createdBy>
<createdTime>2019-01-28 08:32:47 UTC</createdTime>
<ownerDesignName>HR-OE</ownerDesignName>
<shouldEngineer>false</shouldEngineer>
<engineerTo>
<item key="B55ED2C6-C1BA-7A37-DD77-26C4BC6F8038" value="false"/>
</engineerTo>
<useDomainConstraints>false</useDomainConstraints>
<use>1</use>
<logicalDatatype>LOGDT007</logicalDatatype>
<ownDataTypeParameters>,,</ownDataTypeParameters>
</Attribute>
<Attribute name="SALARY" id="60032E8F-69B6-3D34-A94A-989204022F50">
<createdBy>bvives</createdBy>
<createdTime>2019-01-28 08:32:58 UTC</createdTime>
<ownerDesignName>HR-OE</ownerDesignName>
<shouldEngineer>false</shouldEngineer>
<engineerTo>
<item key="B55ED2C6-C1BA-7A37-DD77-26C4BC6F8038" value="false"/>
</engineerTo>
<nullsAllowed>true</nullsAllowed>
<useDomainConstraints>false</useDomainConstraints>
<use>1</use>
<logicalDatatype>LOGDT019</logicalDatatype>
<dataTypePrecision>8</dataTypePrecision>
<dataTypeScale>2</dataTypeScale>
<ownDataTypeParameters>,8,2</ownDataTypeParameters>
</Attribute>
<Attribute name="COMMISSION_PCT" id="37391516-4143-699A-29B9-A7E2F2B3E4B0">
<createdBy>bvives</createdBy>
<createdTime>2019-01-28 08:33:21 UTC</createdTime>
<ownerDesignName>HR-OE</ownerDesignName>
<shouldEngineer>false</shouldEngineer>
<engineerTo>
<item key="B55ED2C6-C1BA-7A37-DD77-26C4BC6F8038" value="false"/>
</engineerTo>
<nullsAllowed>true</nullsAllowed>
<useDomainConstraints>false</useDomainConstraints>
<use>1</use>
<logicalDatatype>LOGDT019</logicalDatatype>
<dataTypePrecision>2</dataTypePrecision>
<dataTypeScale>2</dataTypeScale>
<ownDataTypeParameters>,2,2</ownDataTypeParameters>
</Attribute>
<Attribute name="EMPLOYEE_ID1" id="A91AB193-7C96-3A4D-1E97-44E935C98A11">
<createdBy>bvives</createdBy>
<createdTime>2019-01-28 08:38:04 UTC</createdTime>
<generatorID>DB81CCCE-7F77-24E0-6C6C-5FAAE9B33981</generatorID>
<ownerDesignName>HR-OE</ownerDesignName>
<shouldEngineer>false</shouldEngineer>
<engineerTo>
<item key="B55ED2C6-C1BA-7A37-DD77-26C4BC6F8038" value="false"/>
</engineerTo>
<nullsAllowed>true</nullsAllowed>
<referedAttribute>8359E579-E682-249F-BFCB-15B5556240A7</referedAttribute>
<useDomainConstraints>false</useDomainConstraints>
<use>1</use>
<logicalDatatype>LOGDT019</logicalDatatype>
<dataTypePrecision>6</dataTypePrecision>
<ownDataTypeParameters>,,</ownDataTypeParameters>
</Attribute>
<Attribute name="EMAIL1" id="4EC8C123-D2CA-FE25-476E-426923726DD1">
<createdBy>bvives</createdBy>
<createdTime>2019-01-28 08:38:04 UTC</createdTime>
<generatorID>DB81CCCE-7F77-24E0-6C6C-5FAAE9B33981</generatorID>
<ownerDesignName>HR-OE</ownerDesignName>
<shouldEngineer>false</shouldEngineer>
<engineerTo>
<item key="B55ED2C6-C1BA-7A37-DD77-26C4BC6F8038" value="false"/>
</engineerTo>
<nullsAllowed>true</nullsAllowed>
<referedAttribute>520ABA14-ED3D-BEEB-CA7F-5AA3C745E60D</referedAttribute>
<useDomainConstraints>false</useDomainConstraints>
<use>1</use>
<logicalDatatype>LOGDT024</logicalDatatype>
<dataTypeSize>25</dataTypeSize>
<ownDataTypeParameters>,,</ownDataTypeParameters>
</Attribute>
<Attribute name="DEPARTMENT_ID" id="D00731E3-F4C3-FDA0-E08B-E259C3A94531">
<createdBy>bvives</createdBy>
<createdTime>2019-01-28 08:43:15 UTC</createdTime>
<generatorID>8198EAF8-2629-F3D5-0EA8-CBFE2F8AFD32</generatorID>
<ownerDesignName>HR-OE</ownerDesignName>
<shouldEngineer>false</shouldEngineer>
<engineerTo>
<item key="B55ED2C6-C1BA-7A37-DD77-26C4BC6F8038" value="false"/>
</engineerTo>
<nullsAllowed>true</nullsAllowed>
<referedAttribute>FECFE0E3-1805-06CD-8982-5B10F33F161E</referedAttribute>
<useDomainConstraints>false</useDomainConstraints>
<use>1</use>
<logicalDatatype>LOGDT019</logicalDatatype>
<dataTypePrecision>4</dataTypePrecision>
<ownDataTypeParameters>,,</ownDataTypeParameters>
</Attribute>
<Attribute name="JOB_ID" id="C8EAB6E8-C6FB-035A-9B3D-F0F01B7B421B">
<createdBy>bvives</createdBy>
<createdTime>2019-01-28 08:44:58 UTC</createdTime>
<generatorID>CC8C4A81-B146-FC9D-D019-487598333F40</generatorID>
<ownerDesignName>HR-OE</ownerDesignName>
<shouldEngineer>false</shouldEngineer>
<engineerTo>
<item key="B55ED2C6-C1BA-7A37-DD77-26C4BC6F8038" value="false"/>
</engineerTo>
<referedAttribute>2FFE9E36-EF4C-5F0C-FBE2-1A0226EF3F55</referedAttribute>
<useDomainConstraints>false</useDomainConstraints>
<use>1</use>
<logicalDatatype>LOGDT024</logicalDatatype>
<dataTypeSize>10</dataTypeSize>
<ownDataTypeParameters>,,</ownDataTypeParameters>
</Attribute>
</attributes>
<identifiers itemClass="oracle.dbtools.crest.model.design.logical.CandidateKey">
<identifier id="F61F3026-161F-90B8-37A8-FE32E8BE6A42" name="EMP_EMP_ID_PK">
<createdBy>bvives</createdBy>
<createdTime>2019-01-28 08:27:14 UTC</createdTime>
<ownerDesignName>HR-OE</ownerDesignName>
<shouldEngineer>false</shouldEngineer>
<engineerTo>
<item key="B55ED2C6-C1BA-7A37-DD77-26C4BC6F8038" value="false"/>
</engineerTo>
<pk>true</pk>
<newElementsIDs>8359E579-E682-249F-BFCB-15B5556240A7</newElementsIDs>
<usedAttributes>
<attributeRef>8359E579-E682-249F-BFCB-15B5556240A7</attributeRef>
</usedAttributes>
</identifier>
<identifier id="D555B969-3443-3C25-B99F-BFE27423BE84" name="EMP_EMAIL_UK">
<createdBy>bvives</createdBy>
<createdTime>2019-01-28 08:29:37 UTC</createdTime>
<ownerDesignName>HR-OE</ownerDesignName>
<shouldEngineer>false</shouldEngineer>
<engineerTo>
<item key="B55ED2C6-C1BA-7A37-DD77-26C4BC6F8038" value="false"/>
</engineerTo>
<newElementsIDs>520ABA14-ED3D-BEEB-CA7F-5AA3C745E60D</newElementsIDs>
<usedAttributes>
<attributeRef>520ABA14-ED3D-BEEB-CA7F-5AA3C745E60D</attributeRef>
</usedAttributes>
</identifier>
</identifiers>
</Entity>