-- @"C:\Users\winadmin\Desktop\export-HR.sql"

ALTER SESSION SET NLS_NUMERIC_CHARACTERS = '.,';

--------------------------------------------------------
--  DDL for Table COUNTRIES
--------------------------------------------------------
CREATE TABLE COUNTRIES(
	COUNTRY_ID		VARCHAR2(2) NOT NULL, 
	COUNTRY_NAME	VARCHAR2(40) NOT NULL, 
	REGION_ID		NUMBER NOT NULL, 
	CONSTRAINT COUNTRY_ID_PK PRIMARY KEY (COUNTRY_ID) ENABLE
);

--------------------------------------------------------
--  DDL for Table DEPARTMENTS
--------------------------------------------------------
CREATE TABLE DEPARTMENTS(
	DEPARTMENT_ID	NUMBER(4,0), 
	DEPARTMENT_NAME	VARCHAR2(30), 
	MANAGER_ID		NUMBER(6,0), 
	LOCATION_ID		NUMBER(4,0),
	CONSTRAINT DEPT_ID_PK PRIMARY KEY (DEPARTMENT_ID) ENABLE
);

--------------------------------------------------------
--  DDL for Table EMPLOYEES
--------------------------------------------------------
CREATE TABLE EMPLOYEES(
	EMPLOYEE_ID NUMBER(6,0) NOT NULL, 
	FIRST_NAME VARCHAR2(20) NOT NULL, 
	LAST_NAME VARCHAR2(25) NOT NULL, 
	EMAIL VARCHAR2(25), 
	PHONE_NUMBER VARCHAR2(20), 
	HIRE_DATE DATE, 
	JOB_ID VARCHAR2(10) NOT NULL, 
	SALARY NUMBER(8,2), 
	COMMISSION_PCT NUMBER(2,2), 
	MANAGER_ID NUMBER(6,0), 
	DEPARTMENT_ID NUMBER(4,0),
	CONSTRAINT EMPLOYEE_ID_PK PRIMARY KEY (EMPLOYEE_ID) ENABLE,
	CONSTRAINT EMP_EMAIL_UK UNIQUE (EMAIL),
	CONSTRAINT EMP_SALARY_MIN CHECK (salary > 0) ENABLE	
);

--------------------------------------------------------
--  DDL for Table JOB_HISTORY
--------------------------------------------------------
CREATE TABLE JOB_HISTORY(
	EMPLOYEE_ID NUMBER(6,0) NOT NULL, 
	START_DATE DATE NOT NULL, 
	END_DATE DATE, 
	JOB_ID VARCHAR2(10) NOT NULL, 
	DEPARTMENT_ID NUMBER(4,0),
	CONSTRAINT JHISTORY_ID_PK PRIMARY KEY (EMPLOYEE_ID, START_DATE) ENABLE		
);

--------------------------------------------------------
--  DDL for Table JOBS
--------------------------------------------------------
CREATE TABLE JOBS(
	JOB_ID VARCHAR2(10) NOT NULL, 
	JOB_TITLE VARCHAR2(35) NOT NULL, 
	MIN_SALARY NUMBER(6,0), 
	MAX_SALARY NUMBER(6,0),
	CONSTRAINT JOB_ID_PK PRIMARY KEY (JOB_ID) ENABLE
);

--------------------------------------------------------
--  DDL for Table LOCATIONS
--------------------------------------------------------
CREATE TABLE LOCATIONS(
	LOCATION_ID NUMBER(4,0) NOT NULL, 
	STREET_ADDRESS VARCHAR2(40), 
	POSTAL_CODE VARCHAR2(12), 
	CITY VARCHAR2(30), 
	STATE_PROVINCE VARCHAR2(25), 
	COUNTRY_ID VARCHAR2(2),
	CONSTRAINT LOCATION_ID_PK PRIMARY KEY (LOCATION_ID) ENABLE
);

--------------------------------------------------------
--  DDL for Table REGIONS
--------------------------------------------------------
CREATE TABLE REGIONS(
	REGION_ID NUMBER NOT NULL, 
	REGION_NAME VARCHAR2(25) NOT NULL,
	CONSTRAINT REGION_ID_PK PRIMARY KEY (REGION_ID) ENABLE
);

--------------------------------------------------------
--  INSERTS
--------------------------------------------------------

REM INSERTING into REGIONS
INSERT INTO REGIONS (REGION_ID,REGION_NAME) VALUES ('1','Europe');
INSERT INTO REGIONS (REGION_ID,REGION_NAME) VALUES ('2','Americas');
INSERT INTO REGIONS (REGION_ID,REGION_NAME) VALUES ('3','Asia');
INSERT INTO REGIONS (REGION_ID,REGION_NAME) VALUES ('4','Middle East and Africa');

REM INSERTING into COUNTRIES
SET DEFINE OFF;
INSERT INTO COUNTRIES (COUNTRY_ID,COUNTRY_NAME,REGION_ID) VALUES ('AR','Argentina','2');
INSERT INTO COUNTRIES (COUNTRY_ID,COUNTRY_NAME,REGION_ID) VALUES ('AU','Australia','3');
INSERT INTO COUNTRIES (COUNTRY_ID,COUNTRY_NAME,REGION_ID) VALUES ('BE','Belgium','1');
INSERT INTO COUNTRIES (COUNTRY_ID,COUNTRY_NAME,REGION_ID) VALUES ('BR','Brazil','2');
INSERT INTO COUNTRIES (COUNTRY_ID,COUNTRY_NAME,REGION_ID) VALUES ('CA','Canada','2');
INSERT INTO COUNTRIES (COUNTRY_ID,COUNTRY_NAME,REGION_ID) VALUES ('CH','Switzerland','1');
INSERT INTO COUNTRIES (COUNTRY_ID,COUNTRY_NAME,REGION_ID) VALUES ('CN','China','3');
INSERT INTO COUNTRIES (COUNTRY_ID,COUNTRY_NAME,REGION_ID) VALUES ('DE','Germany','1');
INSERT INTO COUNTRIES (COUNTRY_ID,COUNTRY_NAME,REGION_ID) VALUES ('DK','Denmark','1');
INSERT INTO COUNTRIES (COUNTRY_ID,COUNTRY_NAME,REGION_ID) VALUES ('EG','Egypt','4');
INSERT INTO COUNTRIES (COUNTRY_ID,COUNTRY_NAME,REGION_ID) VALUES ('FR','France','1');
INSERT INTO COUNTRIES (COUNTRY_ID,COUNTRY_NAME,REGION_ID) VALUES ('IL','Israel','4');
INSERT INTO COUNTRIES (COUNTRY_ID,COUNTRY_NAME,REGION_ID) VALUES ('IN','India','3');
INSERT INTO COUNTRIES (COUNTRY_ID,COUNTRY_NAME,REGION_ID) VALUES ('IT','Italy','1');
INSERT INTO COUNTRIES (COUNTRY_ID,COUNTRY_NAME,REGION_ID) VALUES ('JP','Japan','3');
INSERT INTO COUNTRIES (COUNTRY_ID,COUNTRY_NAME,REGION_ID) VALUES ('KW','Kuwait','4');
INSERT INTO COUNTRIES (COUNTRY_ID,COUNTRY_NAME,REGION_ID) VALUES ('ML','Malaysia','3');
INSERT INTO COUNTRIES (COUNTRY_ID,COUNTRY_NAME,REGION_ID) VALUES ('MX','Mexico','2');
INSERT INTO COUNTRIES (COUNTRY_ID,COUNTRY_NAME,REGION_ID) VALUES ('NG','Nigeria','4');
INSERT INTO COUNTRIES (COUNTRY_ID,COUNTRY_NAME,REGION_ID) VALUES ('NL','Netherlands','1');
INSERT INTO COUNTRIES (COUNTRY_ID,COUNTRY_NAME,REGION_ID) VALUES ('SG','Singapore','3');
INSERT INTO COUNTRIES (COUNTRY_ID,COUNTRY_NAME,REGION_ID) VALUES ('UK','United Kingdom','1');
INSERT INTO COUNTRIES (COUNTRY_ID,COUNTRY_NAME,REGION_ID) VALUES ('US','United States of America','2');
INSERT INTO COUNTRIES (COUNTRY_ID,COUNTRY_NAME,REGION_ID) VALUES ('ZM','Zambia','4');
INSERT INTO COUNTRIES (COUNTRY_ID,COUNTRY_NAME,REGION_ID) VALUES ('ZW','Zimbabwe','4');

REM INSERTING into LOCATIONS
INSERT INTO LOCATIONS (LOCATION_ID,STREET_ADDRESS,POSTAL_CODE,CITY,STATE_PROVINCE,COUNTRY_ID) VALUES ('1000','1297 Via Cola di Rie','00989','Roma',null,'IT');
INSERT INTO LOCATIONS (LOCATION_ID,STREET_ADDRESS,POSTAL_CODE,CITY,STATE_PROVINCE,COUNTRY_ID) VALUES ('1100','93091 Calle della Testa','10934','Venice',null,'IT');
INSERT INTO LOCATIONS (LOCATION_ID,STREET_ADDRESS,POSTAL_CODE,CITY,STATE_PROVINCE,COUNTRY_ID) VALUES ('1200','2017 Shinjuku-ku','1689','Tokyo','Tokyo Prefecture','JP');
INSERT INTO LOCATIONS (LOCATION_ID,STREET_ADDRESS,POSTAL_CODE,CITY,STATE_PROVINCE,COUNTRY_ID) VALUES ('1300','9450 Kamiya-cho','6823','Hiroshima',null,'JP');
INSERT INTO LOCATIONS (LOCATION_ID,STREET_ADDRESS,POSTAL_CODE,CITY,STATE_PROVINCE,COUNTRY_ID) VALUES ('1400','2014 Jabberwocky Rd','26192','Southlake','Texas','US');
INSERT INTO LOCATIONS (LOCATION_ID,STREET_ADDRESS,POSTAL_CODE,CITY,STATE_PROVINCE,COUNTRY_ID) VALUES ('1500','2011 Interiors Blvd','99236','South San Francisco','California','US');
INSERT INTO LOCATIONS (LOCATION_ID,STREET_ADDRESS,POSTAL_CODE,CITY,STATE_PROVINCE,COUNTRY_ID) VALUES ('1600','2007 Zagora St','50090','South Brunswick','New Jersey','US');
INSERT INTO LOCATIONS (LOCATION_ID,STREET_ADDRESS,POSTAL_CODE,CITY,STATE_PROVINCE,COUNTRY_ID) VALUES ('1700','2004 Charade Rd','98199','Seattle','Washington','US');
INSERT INTO LOCATIONS (LOCATION_ID,STREET_ADDRESS,POSTAL_CODE,CITY,STATE_PROVINCE,COUNTRY_ID) VALUES ('1800','147 Spadina Ave','M5V 2L7','Toronto','Ontario','CA');
INSERT INTO LOCATIONS (LOCATION_ID,STREET_ADDRESS,POSTAL_CODE,CITY,STATE_PROVINCE,COUNTRY_ID) VALUES ('1900','6092 Boxwood St','YSW 9T2','Whitehorse','Yukon','CA');
INSERT INTO LOCATIONS (LOCATION_ID,STREET_ADDRESS,POSTAL_CODE,CITY,STATE_PROVINCE,COUNTRY_ID) VALUES ('2000','40-5-12 Laogianggen','190518','Beijing',null,'CN');
INSERT INTO LOCATIONS (LOCATION_ID,STREET_ADDRESS,POSTAL_CODE,CITY,STATE_PROVINCE,COUNTRY_ID) VALUES ('2100','1298 Vileparle (E)','490231','Bombay','Maharashtra','IN');
INSERT INTO LOCATIONS (LOCATION_ID,STREET_ADDRESS,POSTAL_CODE,CITY,STATE_PROVINCE,COUNTRY_ID) VALUES ('2200','12-98 Victoria Street','2901','Sydney','New South Wales','AU');
INSERT INTO LOCATIONS (LOCATION_ID,STREET_ADDRESS,POSTAL_CODE,CITY,STATE_PROVINCE,COUNTRY_ID) VALUES ('2300','198 Clementi North','540198','Singapore',null,'SG');
INSERT INTO LOCATIONS (LOCATION_ID,STREET_ADDRESS,POSTAL_CODE,CITY,STATE_PROVINCE,COUNTRY_ID) VALUES ('2400','8204 Arthur St',null,'London',null,'UK');
INSERT INTO LOCATIONS (LOCATION_ID,STREET_ADDRESS,POSTAL_CODE,CITY,STATE_PROVINCE,COUNTRY_ID) VALUES ('2500','Magdalen Centre, The Oxford Science Park','OX9 9ZB','Oxford','Oxford','UK');
INSERT INTO LOCATIONS (LOCATION_ID,STREET_ADDRESS,POSTAL_CODE,CITY,STATE_PROVINCE,COUNTRY_ID) VALUES ('2600','9702 Chester Road','09629850293','Stretford','Manchester','UK');
INSERT INTO LOCATIONS (LOCATION_ID,STREET_ADDRESS,POSTAL_CODE,CITY,STATE_PROVINCE,COUNTRY_ID) VALUES ('2700','Schwanthalerstr. 7031','80925','Munich','Bavaria','DE');
INSERT INTO LOCATIONS (LOCATION_ID,STREET_ADDRESS,POSTAL_CODE,CITY,STATE_PROVINCE,COUNTRY_ID) VALUES ('2800','Rua Frei Caneca 1360 ','01307-002','Sao Paulo','Sao Paulo','BR');
INSERT INTO LOCATIONS (LOCATION_ID,STREET_ADDRESS,POSTAL_CODE,CITY,STATE_PROVINCE,COUNTRY_ID) VALUES ('2900','20 Rue des Corps-Saints','1730','Geneva','Geneve','CH');
INSERT INTO LOCATIONS (LOCATION_ID,STREET_ADDRESS,POSTAL_CODE,CITY,STATE_PROVINCE,COUNTRY_ID) VALUES ('3000','Murtenstrasse 921','3095','Bern','BE','CH');
INSERT INTO LOCATIONS (LOCATION_ID,STREET_ADDRESS,POSTAL_CODE,CITY,STATE_PROVINCE,COUNTRY_ID) VALUES ('3100','Pieter Breughelstraat 837','3029SK','Utrecht','Utrecht','NL');
INSERT INTO LOCATIONS (LOCATION_ID,STREET_ADDRESS,POSTAL_CODE,CITY,STATE_PROVINCE,COUNTRY_ID) VALUES ('3200','Mariano Escobedo 9991','11932','Mexico City','Distrito Federal,','MX');

REM INSERTING into DEPARTMENTS
INSERT INTO DEPARTMENTS (DEPARTMENT_ID,DEPARTMENT_NAME,MANAGER_ID,LOCATION_ID) VALUES ('10','Administration','200','1700');
INSERT INTO DEPARTMENTS (DEPARTMENT_ID,DEPARTMENT_NAME,MANAGER_ID,LOCATION_ID) VALUES ('20','Marketing','201','1800');
INSERT INTO DEPARTMENTS (DEPARTMENT_ID,DEPARTMENT_NAME,MANAGER_ID,LOCATION_ID) VALUES ('30','Purchasing','114','1700');
INSERT INTO DEPARTMENTS (DEPARTMENT_ID,DEPARTMENT_NAME,MANAGER_ID,LOCATION_ID) VALUES ('40','Human Resources','203','2400');
INSERT INTO DEPARTMENTS (DEPARTMENT_ID,DEPARTMENT_NAME,MANAGER_ID,LOCATION_ID) VALUES ('50','Shipping','121','1500');
INSERT INTO DEPARTMENTS (DEPARTMENT_ID,DEPARTMENT_NAME,MANAGER_ID,LOCATION_ID) VALUES ('60','IT','103','1400');
INSERT INTO DEPARTMENTS (DEPARTMENT_ID,DEPARTMENT_NAME,MANAGER_ID,LOCATION_ID) VALUES ('70','Public Relations','204','2700');
INSERT INTO DEPARTMENTS (DEPARTMENT_ID,DEPARTMENT_NAME,MANAGER_ID,LOCATION_ID) VALUES ('80','Sales','145','2500');
INSERT INTO DEPARTMENTS (DEPARTMENT_ID,DEPARTMENT_NAME,MANAGER_ID,LOCATION_ID) VALUES ('90','Executive','100','1700');
INSERT INTO DEPARTMENTS (DEPARTMENT_ID,DEPARTMENT_NAME,MANAGER_ID,LOCATION_ID) VALUES ('100','Finance','108','1700');
INSERT INTO DEPARTMENTS (DEPARTMENT_ID,DEPARTMENT_NAME,MANAGER_ID,LOCATION_ID) VALUES ('110','Accounting','205','1700');
INSERT INTO DEPARTMENTS (DEPARTMENT_ID,DEPARTMENT_NAME,MANAGER_ID,LOCATION_ID) VALUES ('120','Treasury',null,'1700');
INSERT INTO DEPARTMENTS (DEPARTMENT_ID,DEPARTMENT_NAME,MANAGER_ID,LOCATION_ID) VALUES ('130','Corporate Tax',null,'1700');
INSERT INTO DEPARTMENTS (DEPARTMENT_ID,DEPARTMENT_NAME,MANAGER_ID,LOCATION_ID) VALUES ('140','Control And Credit',null,'1700');
INSERT INTO DEPARTMENTS (DEPARTMENT_ID,DEPARTMENT_NAME,MANAGER_ID,LOCATION_ID) VALUES ('150','Shareholder Services',null,'1700');
INSERT INTO DEPARTMENTS (DEPARTMENT_ID,DEPARTMENT_NAME,MANAGER_ID,LOCATION_ID) VALUES ('160','Benefits',null,'1700');
INSERT INTO DEPARTMENTS (DEPARTMENT_ID,DEPARTMENT_NAME,MANAGER_ID,LOCATION_ID) VALUES ('170','Manufacturing',null,'1700');
INSERT INTO DEPARTMENTS (DEPARTMENT_ID,DEPARTMENT_NAME,MANAGER_ID,LOCATION_ID) VALUES ('180','Construction',null,'1700');
INSERT INTO DEPARTMENTS (DEPARTMENT_ID,DEPARTMENT_NAME,MANAGER_ID,LOCATION_ID) VALUES ('190','Contracting',null,'1700');
INSERT INTO DEPARTMENTS (DEPARTMENT_ID,DEPARTMENT_NAME,MANAGER_ID,LOCATION_ID) VALUES ('200','Operations',null,'1700');
INSERT INTO DEPARTMENTS (DEPARTMENT_ID,DEPARTMENT_NAME,MANAGER_ID,LOCATION_ID) VALUES ('210','IT Support',null,'1700');
INSERT INTO DEPARTMENTS (DEPARTMENT_ID,DEPARTMENT_NAME,MANAGER_ID,LOCATION_ID) VALUES ('220','NOC',null,'1700');
INSERT INTO DEPARTMENTS (DEPARTMENT_ID,DEPARTMENT_NAME,MANAGER_ID,LOCATION_ID) VALUES ('230','IT Helpdesk',null,'1700');
INSERT INTO DEPARTMENTS (DEPARTMENT_ID,DEPARTMENT_NAME,MANAGER_ID,LOCATION_ID) VALUES ('240','Government Sales',null,'1700');
INSERT INTO DEPARTMENTS (DEPARTMENT_ID,DEPARTMENT_NAME,MANAGER_ID,LOCATION_ID) VALUES ('250','Retail Sales',null,'1700');
INSERT INTO DEPARTMENTS (DEPARTMENT_ID,DEPARTMENT_NAME,MANAGER_ID,LOCATION_ID) VALUES ('260','Recruiting',null,'1700');
INSERT INTO DEPARTMENTS (DEPARTMENT_ID,DEPARTMENT_NAME,MANAGER_ID,LOCATION_ID) VALUES ('270','Payroll',null,'1700');

REM INSERTING into JOBS
INSERT INTO JOBS (JOB_ID,JOB_TITLE,MIN_SALARY,MAX_SALARY) VALUES ('AD_PRES','President','20080','40000');
INSERT INTO JOBS (JOB_ID,JOB_TITLE,MIN_SALARY,MAX_SALARY) VALUES ('AD_VP','Administration Vice President','15000','30000');
INSERT INTO JOBS (JOB_ID,JOB_TITLE,MIN_SALARY,MAX_SALARY) VALUES ('AD_ASST','Administration Assistant','3000','6000');
INSERT INTO JOBS (JOB_ID,JOB_TITLE,MIN_SALARY,MAX_SALARY) VALUES ('FI_MGR','Finance Manager','8200','16000');
INSERT INTO JOBS (JOB_ID,JOB_TITLE,MIN_SALARY,MAX_SALARY) VALUES ('FI_ACCOUNT','Accountant','4200','9000');
INSERT INTO JOBS (JOB_ID,JOB_TITLE,MIN_SALARY,MAX_SALARY) VALUES ('AC_MGR','Accounting Manager','8200','16000');
INSERT INTO JOBS (JOB_ID,JOB_TITLE,MIN_SALARY,MAX_SALARY) VALUES ('AC_ACCOUNT','Public Accountant','4200','9000');
INSERT INTO JOBS (JOB_ID,JOB_TITLE,MIN_SALARY,MAX_SALARY) VALUES ('SA_MAN','Sales Manager','10000','20080');
INSERT INTO JOBS (JOB_ID,JOB_TITLE,MIN_SALARY,MAX_SALARY) VALUES ('SA_REP','Sales Representative','6000','12008');
INSERT INTO JOBS (JOB_ID,JOB_TITLE,MIN_SALARY,MAX_SALARY) VALUES ('PU_MAN','Purchasing Manager','8000','15000');
INSERT INTO JOBS (JOB_ID,JOB_TITLE,MIN_SALARY,MAX_SALARY) VALUES ('PU_CLERK','Purchasing Clerk','2500','5500');
INSERT INTO JOBS (JOB_ID,JOB_TITLE,MIN_SALARY,MAX_SALARY) VALUES ('ST_MAN','Stock Manager','5500','8500');
INSERT INTO JOBS (JOB_ID,JOB_TITLE,MIN_SALARY,MAX_SALARY) VALUES ('ST_CLERK','Stock Clerk','2008','5000');
INSERT INTO JOBS (JOB_ID,JOB_TITLE,MIN_SALARY,MAX_SALARY) VALUES ('SH_CLERK','Shipping Clerk','2500','5500');
INSERT INTO JOBS (JOB_ID,JOB_TITLE,MIN_SALARY,MAX_SALARY) VALUES ('IT_PROG','Programmer','4000','10000');
INSERT INTO JOBS (JOB_ID,JOB_TITLE,MIN_SALARY,MAX_SALARY) VALUES ('MK_MAN','Marketing Manager','9000','15000');
INSERT INTO JOBS (JOB_ID,JOB_TITLE,MIN_SALARY,MAX_SALARY) VALUES ('MK_REP','Marketing Representative','4000','9000');
INSERT INTO JOBS (JOB_ID,JOB_TITLE,MIN_SALARY,MAX_SALARY) VALUES ('HR_REP','Human Resources Representative','4000','9000');
INSERT INTO JOBS (JOB_ID,JOB_TITLE,MIN_SALARY,MAX_SALARY) VALUES ('PR_REP','Public Relations Representative','4500','10500');

REM INSERTING into EMPLOYEES
INSERT INTO EMPLOYEES (EMPLOYEE_ID,FIRST_NAME,LAST_NAME,EMAIL,PHONE_NUMBER,HIRE_DATE,JOB_ID,SALARY,COMMISSION_PCT,MANAGER_ID,DEPARTMENT_ID) VALUES ('100','Steven','King','SKING','515.123.4567',to_date('17/06/03','DD/MM/RR'),'AD_PRES','24000',null,null,'90');
INSERT INTO EMPLOYEES (EMPLOYEE_ID,FIRST_NAME,LAST_NAME,EMAIL,PHONE_NUMBER,HIRE_DATE,JOB_ID,SALARY,COMMISSION_PCT,MANAGER_ID,DEPARTMENT_ID) VALUES ('101','Neena','Kochhar','NKOCHHAR','515.123.4568',to_date('21/09/05','DD/MM/RR'),'AD_VP','17000',null,'100','90');
INSERT INTO EMPLOYEES (EMPLOYEE_ID,FIRST_NAME,LAST_NAME,EMAIL,PHONE_NUMBER,HIRE_DATE,JOB_ID,SALARY,COMMISSION_PCT,MANAGER_ID,DEPARTMENT_ID) VALUES ('102','Lex','De Haan','LDEHAAN','515.123.4569',to_date('13/01/01','DD/MM/RR'),'AD_VP','17000',null,'100','90');
INSERT INTO EMPLOYEES (EMPLOYEE_ID,FIRST_NAME,LAST_NAME,EMAIL,PHONE_NUMBER,HIRE_DATE,JOB_ID,SALARY,COMMISSION_PCT,MANAGER_ID,DEPARTMENT_ID) VALUES ('103','Alexander','Hunold','AHUNOLD','590.423.4567',to_date('03/01/06','DD/MM/RR'),'IT_PROG','9000',null,'102','60');
INSERT INTO EMPLOYEES (EMPLOYEE_ID,FIRST_NAME,LAST_NAME,EMAIL,PHONE_NUMBER,HIRE_DATE,JOB_ID,SALARY,COMMISSION_PCT,MANAGER_ID,DEPARTMENT_ID) VALUES ('104','Bruce','Ernst','BERNST','590.423.4568',to_date('21/05/07','DD/MM/RR'),'IT_PROG','6000',null,'103','60');
INSERT INTO EMPLOYEES (EMPLOYEE_ID,FIRST_NAME,LAST_NAME,EMAIL,PHONE_NUMBER,HIRE_DATE,JOB_ID,SALARY,COMMISSION_PCT,MANAGER_ID,DEPARTMENT_ID) VALUES ('105','David','Austin','DAUSTIN','590.423.4569',to_date('25/06/05','DD/MM/RR'),'IT_PROG','4800',null,'103','60');
INSERT INTO EMPLOYEES (EMPLOYEE_ID,FIRST_NAME,LAST_NAME,EMAIL,PHONE_NUMBER,HIRE_DATE,JOB_ID,SALARY,COMMISSION_PCT,MANAGER_ID,DEPARTMENT_ID) VALUES ('106','Valli','Pataballa','VPATABAL','590.423.4560',to_date('05/02/06','DD/MM/RR'),'IT_PROG','4800',null,'103','60');
INSERT INTO EMPLOYEES (EMPLOYEE_ID,FIRST_NAME,LAST_NAME,EMAIL,PHONE_NUMBER,HIRE_DATE,JOB_ID,SALARY,COMMISSION_PCT,MANAGER_ID,DEPARTMENT_ID) VALUES ('107','Diana','Lorentz','DLORENTZ','590.423.5567',to_date('07/02/07','DD/MM/RR'),'IT_PROG','4200',null,'103','60');
INSERT INTO EMPLOYEES (EMPLOYEE_ID,FIRST_NAME,LAST_NAME,EMAIL,PHONE_NUMBER,HIRE_DATE,JOB_ID,SALARY,COMMISSION_PCT,MANAGER_ID,DEPARTMENT_ID) VALUES ('108','Nancy','Greenberg','NGREENBE','515.124.4569',to_date('17/08/02','DD/MM/RR'),'FI_MGR','12008',null,'101','100');
INSERT INTO EMPLOYEES (EMPLOYEE_ID,FIRST_NAME,LAST_NAME,EMAIL,PHONE_NUMBER,HIRE_DATE,JOB_ID,SALARY,COMMISSION_PCT,MANAGER_ID,DEPARTMENT_ID) VALUES ('109','Daniel','Faviet','DFAVIET','515.124.4169',to_date('16/08/02','DD/MM/RR'),'FI_ACCOUNT','9000',null,'108','100');
INSERT INTO EMPLOYEES (EMPLOYEE_ID,FIRST_NAME,LAST_NAME,EMAIL,PHONE_NUMBER,HIRE_DATE,JOB_ID,SALARY,COMMISSION_PCT,MANAGER_ID,DEPARTMENT_ID) VALUES ('110','John','Chen','JCHEN','515.124.4269',to_date('28/09/05','DD/MM/RR'),'FI_ACCOUNT','8200',null,'108','100');
INSERT INTO EMPLOYEES (EMPLOYEE_ID,FIRST_NAME,LAST_NAME,EMAIL,PHONE_NUMBER,HIRE_DATE,JOB_ID,SALARY,COMMISSION_PCT,MANAGER_ID,DEPARTMENT_ID) VALUES ('111','Ismael','Sciarra','ISCIARRA','515.124.4369',to_date('30/09/05','DD/MM/RR'),'FI_ACCOUNT','7700',null,'108','100');
INSERT INTO EMPLOYEES (EMPLOYEE_ID,FIRST_NAME,LAST_NAME,EMAIL,PHONE_NUMBER,HIRE_DATE,JOB_ID,SALARY,COMMISSION_PCT,MANAGER_ID,DEPARTMENT_ID) VALUES ('112','Jose Manuel','Urman','JMURMAN','515.124.4469',to_date('07/03/06','DD/MM/RR'),'FI_ACCOUNT','7800',null,'108','100');
INSERT INTO EMPLOYEES (EMPLOYEE_ID,FIRST_NAME,LAST_NAME,EMAIL,PHONE_NUMBER,HIRE_DATE,JOB_ID,SALARY,COMMISSION_PCT,MANAGER_ID,DEPARTMENT_ID) VALUES ('113','Luis','Popp','LPOPP','515.124.4567',to_date('07/12/07','DD/MM/RR'),'FI_ACCOUNT','6900',null,'108','100');
INSERT INTO EMPLOYEES (EMPLOYEE_ID,FIRST_NAME,LAST_NAME,EMAIL,PHONE_NUMBER,HIRE_DATE,JOB_ID,SALARY,COMMISSION_PCT,MANAGER_ID,DEPARTMENT_ID) VALUES ('114','Den','Raphaely','DRAPHEAL','515.127.4561',to_date('07/12/02','DD/MM/RR'),'PU_MAN','11000',null,'100','30');
INSERT INTO EMPLOYEES (EMPLOYEE_ID,FIRST_NAME,LAST_NAME,EMAIL,PHONE_NUMBER,HIRE_DATE,JOB_ID,SALARY,COMMISSION_PCT,MANAGER_ID,DEPARTMENT_ID) VALUES ('115','Alexander','Khoo','AKHOO','515.127.4562',to_date('18/05/03','DD/MM/RR'),'PU_CLERK','3100',null,'114','30');
INSERT INTO EMPLOYEES (EMPLOYEE_ID,FIRST_NAME,LAST_NAME,EMAIL,PHONE_NUMBER,HIRE_DATE,JOB_ID,SALARY,COMMISSION_PCT,MANAGER_ID,DEPARTMENT_ID) VALUES ('116','Shelli','Baida','SBAIDA','515.127.4563',to_date('24/12/05','DD/MM/RR'),'PU_CLERK','2900',null,'114','30');
INSERT INTO EMPLOYEES (EMPLOYEE_ID,FIRST_NAME,LAST_NAME,EMAIL,PHONE_NUMBER,HIRE_DATE,JOB_ID,SALARY,COMMISSION_PCT,MANAGER_ID,DEPARTMENT_ID) VALUES ('117','Sigal','Tobias','STOBIAS','515.127.4564',to_date('24/07/05','DD/MM/RR'),'PU_CLERK','2800',null,'114','30');
INSERT INTO EMPLOYEES (EMPLOYEE_ID,FIRST_NAME,LAST_NAME,EMAIL,PHONE_NUMBER,HIRE_DATE,JOB_ID,SALARY,COMMISSION_PCT,MANAGER_ID,DEPARTMENT_ID) VALUES ('118','Guy','Himuro','GHIMURO','515.127.4565',to_date('15/11/06','DD/MM/RR'),'PU_CLERK','2600',null,'114','30');
INSERT INTO EMPLOYEES (EMPLOYEE_ID,FIRST_NAME,LAST_NAME,EMAIL,PHONE_NUMBER,HIRE_DATE,JOB_ID,SALARY,COMMISSION_PCT,MANAGER_ID,DEPARTMENT_ID) VALUES ('119','Karen','Colmenares','KCOLMENA','515.127.4566',to_date('10/08/07','DD/MM/RR'),'PU_CLERK','2500',null,'114','30');
INSERT INTO EMPLOYEES (EMPLOYEE_ID,FIRST_NAME,LAST_NAME,EMAIL,PHONE_NUMBER,HIRE_DATE,JOB_ID,SALARY,COMMISSION_PCT,MANAGER_ID,DEPARTMENT_ID) VALUES ('120','Matthew','Weiss','MWEISS','650.123.1234',to_date('18/07/04','DD/MM/RR'),'ST_MAN','8000',null,'100','50');
INSERT INTO EMPLOYEES (EMPLOYEE_ID,FIRST_NAME,LAST_NAME,EMAIL,PHONE_NUMBER,HIRE_DATE,JOB_ID,SALARY,COMMISSION_PCT,MANAGER_ID,DEPARTMENT_ID) VALUES ('121','Adam','Fripp','AFRIPP','650.123.2234',to_date('10/04/05','DD/MM/RR'),'ST_MAN','8200',null,'100','50');
INSERT INTO EMPLOYEES (EMPLOYEE_ID,FIRST_NAME,LAST_NAME,EMAIL,PHONE_NUMBER,HIRE_DATE,JOB_ID,SALARY,COMMISSION_PCT,MANAGER_ID,DEPARTMENT_ID) VALUES ('122','Payam','Kaufling','PKAUFLIN','650.123.3234',to_date('01/05/03','DD/MM/RR'),'ST_MAN','7900',null,'100','50');
INSERT INTO EMPLOYEES (EMPLOYEE_ID,FIRST_NAME,LAST_NAME,EMAIL,PHONE_NUMBER,HIRE_DATE,JOB_ID,SALARY,COMMISSION_PCT,MANAGER_ID,DEPARTMENT_ID) VALUES ('123','Shanta','Vollman','SVOLLMAN','650.123.4234',to_date('10/10/05','DD/MM/RR'),'ST_MAN','6500',null,'100','50');
INSERT INTO EMPLOYEES (EMPLOYEE_ID,FIRST_NAME,LAST_NAME,EMAIL,PHONE_NUMBER,HIRE_DATE,JOB_ID,SALARY,COMMISSION_PCT,MANAGER_ID,DEPARTMENT_ID) VALUES ('124','Kevin','Mourgos','KMOURGOS','650.123.5234',to_date('16/11/07','DD/MM/RR'),'ST_MAN','5800',null,'100','50');
INSERT INTO EMPLOYEES (EMPLOYEE_ID,FIRST_NAME,LAST_NAME,EMAIL,PHONE_NUMBER,HIRE_DATE,JOB_ID,SALARY,COMMISSION_PCT,MANAGER_ID,DEPARTMENT_ID) VALUES ('125','Julia','Nayer','JNAYER','650.124.1214',to_date('16/07/05','DD/MM/RR'),'ST_CLERK','3200',null,'120','50');
INSERT INTO EMPLOYEES (EMPLOYEE_ID,FIRST_NAME,LAST_NAME,EMAIL,PHONE_NUMBER,HIRE_DATE,JOB_ID,SALARY,COMMISSION_PCT,MANAGER_ID,DEPARTMENT_ID) VALUES ('126','Irene','Mikkilineni','IMIKKILI','650.124.1224',to_date('28/09/06','DD/MM/RR'),'ST_CLERK','2700',null,'120','50');
INSERT INTO EMPLOYEES (EMPLOYEE_ID,FIRST_NAME,LAST_NAME,EMAIL,PHONE_NUMBER,HIRE_DATE,JOB_ID,SALARY,COMMISSION_PCT,MANAGER_ID,DEPARTMENT_ID) VALUES ('127','James','Landry','JLANDRY','650.124.1334',to_date('14/01/07','DD/MM/RR'),'ST_CLERK','2400',null,'120','50');
INSERT INTO EMPLOYEES (EMPLOYEE_ID,FIRST_NAME,LAST_NAME,EMAIL,PHONE_NUMBER,HIRE_DATE,JOB_ID,SALARY,COMMISSION_PCT,MANAGER_ID,DEPARTMENT_ID) VALUES ('128','Steven','Markle','SMARKLE','650.124.1434',to_date('08/03/08','DD/MM/RR'),'ST_CLERK','2200',null,'120','50');
INSERT INTO EMPLOYEES (EMPLOYEE_ID,FIRST_NAME,LAST_NAME,EMAIL,PHONE_NUMBER,HIRE_DATE,JOB_ID,SALARY,COMMISSION_PCT,MANAGER_ID,DEPARTMENT_ID) VALUES ('129','Laura','Bissot','LBISSOT','650.124.5234',to_date('20/08/05','DD/MM/RR'),'ST_CLERK','3300',null,'121','50');
INSERT INTO EMPLOYEES (EMPLOYEE_ID,FIRST_NAME,LAST_NAME,EMAIL,PHONE_NUMBER,HIRE_DATE,JOB_ID,SALARY,COMMISSION_PCT,MANAGER_ID,DEPARTMENT_ID) VALUES ('130','Mozhe','Atkinson','MATKINSO','650.124.6234',to_date('30/10/05','DD/MM/RR'),'ST_CLERK','2800',null,'121','50');
INSERT INTO EMPLOYEES (EMPLOYEE_ID,FIRST_NAME,LAST_NAME,EMAIL,PHONE_NUMBER,HIRE_DATE,JOB_ID,SALARY,COMMISSION_PCT,MANAGER_ID,DEPARTMENT_ID) VALUES ('131','James','Marlow','JAMRLOW','650.124.7234',to_date('16/02/05','DD/MM/RR'),'ST_CLERK','2500',null,'121','50');
INSERT INTO EMPLOYEES (EMPLOYEE_ID,FIRST_NAME,LAST_NAME,EMAIL,PHONE_NUMBER,HIRE_DATE,JOB_ID,SALARY,COMMISSION_PCT,MANAGER_ID,DEPARTMENT_ID) VALUES ('132','TJ','Olson','TJOLSON','650.124.8234',to_date('10/04/07','DD/MM/RR'),'ST_CLERK','2100',null,'121','50');
INSERT INTO EMPLOYEES (EMPLOYEE_ID,FIRST_NAME,LAST_NAME,EMAIL,PHONE_NUMBER,HIRE_DATE,JOB_ID,SALARY,COMMISSION_PCT,MANAGER_ID,DEPARTMENT_ID) VALUES ('133','Jason','Mallin','JMALLIN','650.127.1934',to_date('14/06/04','DD/MM/RR'),'ST_CLERK','3300',null,'122','50');
INSERT INTO EMPLOYEES (EMPLOYEE_ID,FIRST_NAME,LAST_NAME,EMAIL,PHONE_NUMBER,HIRE_DATE,JOB_ID,SALARY,COMMISSION_PCT,MANAGER_ID,DEPARTMENT_ID) VALUES ('134','Michael','Rogers','MROGERS','650.127.1834',to_date('26/08/06','DD/MM/RR'),'ST_CLERK','2900',null,'122','50');
INSERT INTO EMPLOYEES (EMPLOYEE_ID,FIRST_NAME,LAST_NAME,EMAIL,PHONE_NUMBER,HIRE_DATE,JOB_ID,SALARY,COMMISSION_PCT,MANAGER_ID,DEPARTMENT_ID) VALUES ('135','Ki','Gee','KGEE','650.127.1734',to_date('12/12/07','DD/MM/RR'),'ST_CLERK','2400',null,'122','50');
INSERT INTO EMPLOYEES (EMPLOYEE_ID,FIRST_NAME,LAST_NAME,EMAIL,PHONE_NUMBER,HIRE_DATE,JOB_ID,SALARY,COMMISSION_PCT,MANAGER_ID,DEPARTMENT_ID) VALUES ('136','Hazel','Philtanker','HPHILTAN','650.127.1634',to_date('06/02/08','DD/MM/RR'),'ST_CLERK','2200',null,'122','50');
INSERT INTO EMPLOYEES (EMPLOYEE_ID,FIRST_NAME,LAST_NAME,EMAIL,PHONE_NUMBER,HIRE_DATE,JOB_ID,SALARY,COMMISSION_PCT,MANAGER_ID,DEPARTMENT_ID) VALUES ('137','Renske','Ladwig','RLADWIG','650.121.1234',to_date('14/07/03','DD/MM/RR'),'ST_CLERK','3600',null,'123','50');
INSERT INTO EMPLOYEES (EMPLOYEE_ID,FIRST_NAME,LAST_NAME,EMAIL,PHONE_NUMBER,HIRE_DATE,JOB_ID,SALARY,COMMISSION_PCT,MANAGER_ID,DEPARTMENT_ID) VALUES ('138','Stephen','Stiles','SSTILES','650.121.2034',to_date('26/10/05','DD/MM/RR'),'ST_CLERK','3200',null,'123','50');
INSERT INTO EMPLOYEES (EMPLOYEE_ID,FIRST_NAME,LAST_NAME,EMAIL,PHONE_NUMBER,HIRE_DATE,JOB_ID,SALARY,COMMISSION_PCT,MANAGER_ID,DEPARTMENT_ID) VALUES ('139','John','Seo','JSEO','650.121.2019',to_date('12/02/06','DD/MM/RR'),'ST_CLERK','2700',null,'123','50');
INSERT INTO EMPLOYEES (EMPLOYEE_ID,FIRST_NAME,LAST_NAME,EMAIL,PHONE_NUMBER,HIRE_DATE,JOB_ID,SALARY,COMMISSION_PCT,MANAGER_ID,DEPARTMENT_ID) VALUES ('140','Joshua','Patel','JPATEL','650.121.1834',to_date('06/04/06','DD/MM/RR'),'ST_CLERK','2500',null,'123','50');
INSERT INTO EMPLOYEES (EMPLOYEE_ID,FIRST_NAME,LAST_NAME,EMAIL,PHONE_NUMBER,HIRE_DATE,JOB_ID,SALARY,COMMISSION_PCT,MANAGER_ID,DEPARTMENT_ID) VALUES ('141','Trenna','Rajs','TRAJS','650.121.8009',to_date('17/10/03','DD/MM/RR'),'ST_CLERK','3500',null,'124','50');
INSERT INTO EMPLOYEES (EMPLOYEE_ID,FIRST_NAME,LAST_NAME,EMAIL,PHONE_NUMBER,HIRE_DATE,JOB_ID,SALARY,COMMISSION_PCT,MANAGER_ID,DEPARTMENT_ID) VALUES ('142','Curtis','Davies','CDAVIES','650.121.2994',to_date('29/01/05','DD/MM/RR'),'ST_CLERK','3100',null,'124','50');
INSERT INTO EMPLOYEES (EMPLOYEE_ID,FIRST_NAME,LAST_NAME,EMAIL,PHONE_NUMBER,HIRE_DATE,JOB_ID,SALARY,COMMISSION_PCT,MANAGER_ID,DEPARTMENT_ID) VALUES ('143','Randall','Matos','RMATOS','650.121.2874',to_date('15/03/06','DD/MM/RR'),'ST_CLERK','2600',null,'124','50');
INSERT INTO EMPLOYEES (EMPLOYEE_ID,FIRST_NAME,LAST_NAME,EMAIL,PHONE_NUMBER,HIRE_DATE,JOB_ID,SALARY,COMMISSION_PCT,MANAGER_ID,DEPARTMENT_ID) VALUES ('144','Peter','Vargas','PVARGAS','650.121.2004',to_date('09/07/06','DD/MM/RR'),'ST_CLERK','2500',null,'124','50');
INSERT INTO EMPLOYEES (EMPLOYEE_ID,FIRST_NAME,LAST_NAME,EMAIL,PHONE_NUMBER,HIRE_DATE,JOB_ID,SALARY,COMMISSION_PCT,MANAGER_ID,DEPARTMENT_ID) VALUES ('145','John','Russell','JRUSSEL','011.44.1344.429268',to_date('01/10/04','DD/MM/RR'),'SA_MAN','14000','0.4','100','80');
INSERT INTO EMPLOYEES (EMPLOYEE_ID,FIRST_NAME,LAST_NAME,EMAIL,PHONE_NUMBER,HIRE_DATE,JOB_ID,SALARY,COMMISSION_PCT,MANAGER_ID,DEPARTMENT_ID) VALUES ('146','Karen','Partners','KPARTNER','011.44.1344.467268',to_date('05/01/05','DD/MM/RR'),'SA_MAN','13500','0.3','100','80');
INSERT INTO EMPLOYEES (EMPLOYEE_ID,FIRST_NAME,LAST_NAME,EMAIL,PHONE_NUMBER,HIRE_DATE,JOB_ID,SALARY,COMMISSION_PCT,MANAGER_ID,DEPARTMENT_ID) VALUES ('147','Alberto','Errazuriz','AERRAZUR','011.44.1344.429278',to_date('10/03/05','DD/MM/RR'),'SA_MAN','12000','0.3','100','80');
INSERT INTO EMPLOYEES (EMPLOYEE_ID,FIRST_NAME,LAST_NAME,EMAIL,PHONE_NUMBER,HIRE_DATE,JOB_ID,SALARY,COMMISSION_PCT,MANAGER_ID,DEPARTMENT_ID) VALUES ('148','Gerald','Cambrault','GCAMBRAU','011.44.1344.619268',to_date('15/10/07','DD/MM/RR'),'SA_MAN','11000','0.3','100','80');
INSERT INTO EMPLOYEES (EMPLOYEE_ID,FIRST_NAME,LAST_NAME,EMAIL,PHONE_NUMBER,HIRE_DATE,JOB_ID,SALARY,COMMISSION_PCT,MANAGER_ID,DEPARTMENT_ID) VALUES ('149','Eleni','Zlotkey','EZLOTKEY','011.44.1344.429018',to_date('29/01/08','DD/MM/RR'),'SA_MAN','10500','0.2','100','80');
INSERT INTO EMPLOYEES (EMPLOYEE_ID,FIRST_NAME,LAST_NAME,EMAIL,PHONE_NUMBER,HIRE_DATE,JOB_ID,SALARY,COMMISSION_PCT,MANAGER_ID,DEPARTMENT_ID) VALUES ('150','Peter','Tucker','PTUCKER','011.44.1344.129268',to_date('30/01/05','DD/MM/RR'),'SA_REP','10000','0.3','145','80');
INSERT INTO EMPLOYEES (EMPLOYEE_ID,FIRST_NAME,LAST_NAME,EMAIL,PHONE_NUMBER,HIRE_DATE,JOB_ID,SALARY,COMMISSION_PCT,MANAGER_ID,DEPARTMENT_ID) VALUES ('151','David','Bernstein','DBERNSTE','011.44.1344.345268',to_date('24/03/05','DD/MM/RR'),'SA_REP','9500','0.25','145','80');
INSERT INTO EMPLOYEES (EMPLOYEE_ID,FIRST_NAME,LAST_NAME,EMAIL,PHONE_NUMBER,HIRE_DATE,JOB_ID,SALARY,COMMISSION_PCT,MANAGER_ID,DEPARTMENT_ID) VALUES ('152','Peter','Hall','PHALL','011.44.1344.478968',to_date('20/08/05','DD/MM/RR'),'SA_REP','9000','0.25','145','80');
INSERT INTO EMPLOYEES (EMPLOYEE_ID,FIRST_NAME,LAST_NAME,EMAIL,PHONE_NUMBER,HIRE_DATE,JOB_ID,SALARY,COMMISSION_PCT,MANAGER_ID,DEPARTMENT_ID) VALUES ('153','Christopher','Olsen','COLSEN','011.44.1344.498718',to_date('30/03/06','DD/MM/RR'),'SA_REP','8000','0.2','145','80');
INSERT INTO EMPLOYEES (EMPLOYEE_ID,FIRST_NAME,LAST_NAME,EMAIL,PHONE_NUMBER,HIRE_DATE,JOB_ID,SALARY,COMMISSION_PCT,MANAGER_ID,DEPARTMENT_ID) VALUES ('154','Nanette','Cambrault','NCAMBRAU','011.44.1344.987668',to_date('09/12/06','DD/MM/RR'),'SA_REP','7500','0.2','145','80');
INSERT INTO EMPLOYEES (EMPLOYEE_ID,FIRST_NAME,LAST_NAME,EMAIL,PHONE_NUMBER,HIRE_DATE,JOB_ID,SALARY,COMMISSION_PCT,MANAGER_ID,DEPARTMENT_ID) VALUES ('155','Oliver','Tuvault','OTUVAULT','011.44.1344.486508',to_date('23/11/07','DD/MM/RR'),'SA_REP','7000','0.15','145','80');
INSERT INTO EMPLOYEES (EMPLOYEE_ID,FIRST_NAME,LAST_NAME,EMAIL,PHONE_NUMBER,HIRE_DATE,JOB_ID,SALARY,COMMISSION_PCT,MANAGER_ID,DEPARTMENT_ID) VALUES ('156','Janette','King','JKING','011.44.1345.429268',to_date('30/01/04','DD/MM/RR'),'SA_REP','10000','0.35','146','80');
INSERT INTO EMPLOYEES (EMPLOYEE_ID,FIRST_NAME,LAST_NAME,EMAIL,PHONE_NUMBER,HIRE_DATE,JOB_ID,SALARY,COMMISSION_PCT,MANAGER_ID,DEPARTMENT_ID) VALUES ('157','Patrick','Sully','PSULLY','011.44.1345.929268',to_date('04/03/04','DD/MM/RR'),'SA_REP','9500','0.35','146','80');
INSERT INTO EMPLOYEES (EMPLOYEE_ID,FIRST_NAME,LAST_NAME,EMAIL,PHONE_NUMBER,HIRE_DATE,JOB_ID,SALARY,COMMISSION_PCT,MANAGER_ID,DEPARTMENT_ID) VALUES ('158','Allan','McEwen','AMCEWEN','011.44.1345.829268',to_date('01/08/04','DD/MM/RR'),'SA_REP','9000','0.35','146','80');
INSERT INTO EMPLOYEES (EMPLOYEE_ID,FIRST_NAME,LAST_NAME,EMAIL,PHONE_NUMBER,HIRE_DATE,JOB_ID,SALARY,COMMISSION_PCT,MANAGER_ID,DEPARTMENT_ID) VALUES ('159','Lindsey','Smith','LSMITH','011.44.1345.729268',to_date('10/03/05','DD/MM/RR'),'SA_REP','8000','0.3','146','80');
INSERT INTO EMPLOYEES (EMPLOYEE_ID,FIRST_NAME,LAST_NAME,EMAIL,PHONE_NUMBER,HIRE_DATE,JOB_ID,SALARY,COMMISSION_PCT,MANAGER_ID,DEPARTMENT_ID) VALUES ('160','Louise','Doran','LDORAN','011.44.1345.629268',to_date('15/12/05','DD/MM/RR'),'SA_REP','7500','0.3','146','80');
INSERT INTO EMPLOYEES (EMPLOYEE_ID,FIRST_NAME,LAST_NAME,EMAIL,PHONE_NUMBER,HIRE_DATE,JOB_ID,SALARY,COMMISSION_PCT,MANAGER_ID,DEPARTMENT_ID) VALUES ('161','Sarath','Sewall','SSEWALL','011.44.1345.529268',to_date('03/11/06','DD/MM/RR'),'SA_REP','7000','0.25','146','80');
INSERT INTO EMPLOYEES (EMPLOYEE_ID,FIRST_NAME,LAST_NAME,EMAIL,PHONE_NUMBER,HIRE_DATE,JOB_ID,SALARY,COMMISSION_PCT,MANAGER_ID,DEPARTMENT_ID) VALUES ('162','Clara','Vishney','CVISHNEY','011.44.1346.129268',to_date('11/11/05','DD/MM/RR'),'SA_REP','10500','0.25','147','80');
INSERT INTO EMPLOYEES (EMPLOYEE_ID,FIRST_NAME,LAST_NAME,EMAIL,PHONE_NUMBER,HIRE_DATE,JOB_ID,SALARY,COMMISSION_PCT,MANAGER_ID,DEPARTMENT_ID) VALUES ('163','Danielle','Greene','DGREENE','011.44.1346.229268',to_date('19/03/07','DD/MM/RR'),'SA_REP','9500','0.15','147','80');
INSERT INTO EMPLOYEES (EMPLOYEE_ID,FIRST_NAME,LAST_NAME,EMAIL,PHONE_NUMBER,HIRE_DATE,JOB_ID,SALARY,COMMISSION_PCT,MANAGER_ID,DEPARTMENT_ID) VALUES ('164','Mattea','Marvins','MMARVINS','011.44.1346.329268',to_date('24/01/08','DD/MM/RR'),'SA_REP','7200','0.1','147','80');
INSERT INTO EMPLOYEES (EMPLOYEE_ID,FIRST_NAME,LAST_NAME,EMAIL,PHONE_NUMBER,HIRE_DATE,JOB_ID,SALARY,COMMISSION_PCT,MANAGER_ID,DEPARTMENT_ID) VALUES ('165','David','Lee','DLEE','011.44.1346.529268',to_date('23/02/08','DD/MM/RR'),'SA_REP','6800','0.1','147','80');
INSERT INTO EMPLOYEES (EMPLOYEE_ID,FIRST_NAME,LAST_NAME,EMAIL,PHONE_NUMBER,HIRE_DATE,JOB_ID,SALARY,COMMISSION_PCT,MANAGER_ID,DEPARTMENT_ID) VALUES ('166','Sundar','Ande','SANDE','011.44.1346.629268',to_date('24/03/08','DD/MM/RR'),'SA_REP','6400','0.1','147','80');
INSERT INTO EMPLOYEES (EMPLOYEE_ID,FIRST_NAME,LAST_NAME,EMAIL,PHONE_NUMBER,HIRE_DATE,JOB_ID,SALARY,COMMISSION_PCT,MANAGER_ID,DEPARTMENT_ID) VALUES ('167','Amit','Banda','ABANDA','011.44.1346.729268',to_date('21/04/08','DD/MM/RR'),'SA_REP','6200','0.1','147','80');
INSERT INTO EMPLOYEES (EMPLOYEE_ID,FIRST_NAME,LAST_NAME,EMAIL,PHONE_NUMBER,HIRE_DATE,JOB_ID,SALARY,COMMISSION_PCT,MANAGER_ID,DEPARTMENT_ID) VALUES ('168','Lisa','Ozer','LOZER','011.44.1343.929268',to_date('11/03/05','DD/MM/RR'),'SA_REP','11500','0.25','148','80');
INSERT INTO EMPLOYEES (EMPLOYEE_ID,FIRST_NAME,LAST_NAME,EMAIL,PHONE_NUMBER,HIRE_DATE,JOB_ID,SALARY,COMMISSION_PCT,MANAGER_ID,DEPARTMENT_ID) VALUES ('169','Harrison','Bloom','HBLOOM','011.44.1343.829268',to_date('23/03/06','DD/MM/RR'),'SA_REP','10000','0.2','148','80');
INSERT INTO EMPLOYEES (EMPLOYEE_ID,FIRST_NAME,LAST_NAME,EMAIL,PHONE_NUMBER,HIRE_DATE,JOB_ID,SALARY,COMMISSION_PCT,MANAGER_ID,DEPARTMENT_ID) VALUES ('170','Tayler','Fox','TFOX','011.44.1343.729268',to_date('24/01/06','DD/MM/RR'),'SA_REP','9600','0.2','148','80');
INSERT INTO EMPLOYEES (EMPLOYEE_ID,FIRST_NAME,LAST_NAME,EMAIL,PHONE_NUMBER,HIRE_DATE,JOB_ID,SALARY,COMMISSION_PCT,MANAGER_ID,DEPARTMENT_ID) VALUES ('171','William','Smith','WSMITH','011.44.1343.629268',to_date('23/02/07','DD/MM/RR'),'SA_REP','7400','0.15','148','80');
INSERT INTO EMPLOYEES (EMPLOYEE_ID,FIRST_NAME,LAST_NAME,EMAIL,PHONE_NUMBER,HIRE_DATE,JOB_ID,SALARY,COMMISSION_PCT,MANAGER_ID,DEPARTMENT_ID) VALUES ('172','Elizabeth','Bates','EBATES','011.44.1343.529268',to_date('24/03/07','DD/MM/RR'),'SA_REP','7300','0.15','148','80');
INSERT INTO EMPLOYEES (EMPLOYEE_ID,FIRST_NAME,LAST_NAME,EMAIL,PHONE_NUMBER,HIRE_DATE,JOB_ID,SALARY,COMMISSION_PCT,MANAGER_ID,DEPARTMENT_ID) VALUES ('173','Sundita','Kumar','SKUMAR','011.44.1343.329268',to_date('21/04/08','DD/MM/RR'),'SA_REP','6100','0.1','148','80');
INSERT INTO EMPLOYEES (EMPLOYEE_ID,FIRST_NAME,LAST_NAME,EMAIL,PHONE_NUMBER,HIRE_DATE,JOB_ID,SALARY,COMMISSION_PCT,MANAGER_ID,DEPARTMENT_ID) VALUES ('174','Ellen','Abel','EABEL','011.44.1644.429267',to_date('11/05/04','DD/MM/RR'),'SA_REP','11000','0.3','149','80');
INSERT INTO EMPLOYEES (EMPLOYEE_ID,FIRST_NAME,LAST_NAME,EMAIL,PHONE_NUMBER,HIRE_DATE,JOB_ID,SALARY,COMMISSION_PCT,MANAGER_ID,DEPARTMENT_ID) VALUES ('175','Alyssa','Hutton','AHUTTON','011.44.1644.429266',to_date('19/03/05','DD/MM/RR'),'SA_REP','8800','0.25','149','80');
INSERT INTO EMPLOYEES (EMPLOYEE_ID,FIRST_NAME,LAST_NAME,EMAIL,PHONE_NUMBER,HIRE_DATE,JOB_ID,SALARY,COMMISSION_PCT,MANAGER_ID,DEPARTMENT_ID) VALUES ('176','Jonathon','Taylor','JTAYLOR','011.44.1644.429265',to_date('24/03/06','DD/MM/RR'),'SA_REP','8600','0.2','149','80');
INSERT INTO EMPLOYEES (EMPLOYEE_ID,FIRST_NAME,LAST_NAME,EMAIL,PHONE_NUMBER,HIRE_DATE,JOB_ID,SALARY,COMMISSION_PCT,MANAGER_ID,DEPARTMENT_ID) VALUES ('177','Jack','Livingston','JLIVINGS','011.44.1644.429264',to_date('23/04/06','DD/MM/RR'),'SA_REP','8400','0.2','149','80');
INSERT INTO EMPLOYEES (EMPLOYEE_ID,FIRST_NAME,LAST_NAME,EMAIL,PHONE_NUMBER,HIRE_DATE,JOB_ID,SALARY,COMMISSION_PCT,MANAGER_ID,DEPARTMENT_ID) VALUES ('178','Kimberely','Grant','KGRANT','011.44.1644.429263',to_date('24/05/07','DD/MM/RR'),'SA_REP','7000','0.15','149',null);
INSERT INTO EMPLOYEES (EMPLOYEE_ID,FIRST_NAME,LAST_NAME,EMAIL,PHONE_NUMBER,HIRE_DATE,JOB_ID,SALARY,COMMISSION_PCT,MANAGER_ID,DEPARTMENT_ID) VALUES ('179','Charles','Johnson','CJOHNSON','011.44.1644.429262',to_date('04/01/08','DD/MM/RR'),'SA_REP','6200','0.1','149','80');
INSERT INTO EMPLOYEES (EMPLOYEE_ID,FIRST_NAME,LAST_NAME,EMAIL,PHONE_NUMBER,HIRE_DATE,JOB_ID,SALARY,COMMISSION_PCT,MANAGER_ID,DEPARTMENT_ID) VALUES ('180','Winston','Taylor','WTAYLOR','650.507.9876',to_date('24/01/06','DD/MM/RR'),'SH_CLERK','3200',null,'120','50');
INSERT INTO EMPLOYEES (EMPLOYEE_ID,FIRST_NAME,LAST_NAME,EMAIL,PHONE_NUMBER,HIRE_DATE,JOB_ID,SALARY,COMMISSION_PCT,MANAGER_ID,DEPARTMENT_ID) VALUES ('181','Jean','Fleaur','JFLEAUR','650.507.9877',to_date('23/02/06','DD/MM/RR'),'SH_CLERK','3100',null,'120','50');
INSERT INTO EMPLOYEES (EMPLOYEE_ID,FIRST_NAME,LAST_NAME,EMAIL,PHONE_NUMBER,HIRE_DATE,JOB_ID,SALARY,COMMISSION_PCT,MANAGER_ID,DEPARTMENT_ID) VALUES ('182','Martha','Sullivan','MSULLIVA','650.507.9878',to_date('21/06/07','DD/MM/RR'),'SH_CLERK','2500',null,'120','50');
INSERT INTO EMPLOYEES (EMPLOYEE_ID,FIRST_NAME,LAST_NAME,EMAIL,PHONE_NUMBER,HIRE_DATE,JOB_ID,SALARY,COMMISSION_PCT,MANAGER_ID,DEPARTMENT_ID) VALUES ('183','Girard','Geoni','GGEONI','650.507.9879',to_date('03/02/08','DD/MM/RR'),'SH_CLERK','2800',null,'120','50');
INSERT INTO EMPLOYEES (EMPLOYEE_ID,FIRST_NAME,LAST_NAME,EMAIL,PHONE_NUMBER,HIRE_DATE,JOB_ID,SALARY,COMMISSION_PCT,MANAGER_ID,DEPARTMENT_ID) VALUES ('184','Nandita','Sarchand','NSARCHAN','650.509.1876',to_date('27/01/04','DD/MM/RR'),'SH_CLERK','4200',null,'121','50');
INSERT INTO EMPLOYEES (EMPLOYEE_ID,FIRST_NAME,LAST_NAME,EMAIL,PHONE_NUMBER,HIRE_DATE,JOB_ID,SALARY,COMMISSION_PCT,MANAGER_ID,DEPARTMENT_ID) VALUES ('185','Alexis','Bull','ABULL','650.509.2876',to_date('20/02/05','DD/MM/RR'),'SH_CLERK','4100',null,'121','50');
INSERT INTO EMPLOYEES (EMPLOYEE_ID,FIRST_NAME,LAST_NAME,EMAIL,PHONE_NUMBER,HIRE_DATE,JOB_ID,SALARY,COMMISSION_PCT,MANAGER_ID,DEPARTMENT_ID) VALUES ('186','Julia','Dellinger','JDELLING','650.509.3876',to_date('24/06/06','DD/MM/RR'),'SH_CLERK','3400',null,'121','50');
INSERT INTO EMPLOYEES (EMPLOYEE_ID,FIRST_NAME,LAST_NAME,EMAIL,PHONE_NUMBER,HIRE_DATE,JOB_ID,SALARY,COMMISSION_PCT,MANAGER_ID,DEPARTMENT_ID) VALUES ('187','Anthony','Cabrio','ACABRIO','650.509.4876',to_date('07/02/07','DD/MM/RR'),'SH_CLERK','3000',null,'121','50');
INSERT INTO EMPLOYEES (EMPLOYEE_ID,FIRST_NAME,LAST_NAME,EMAIL,PHONE_NUMBER,HIRE_DATE,JOB_ID,SALARY,COMMISSION_PCT,MANAGER_ID,DEPARTMENT_ID) VALUES ('188','Kelly','Chung','KCHUNG','650.505.1876',to_date('14/06/05','DD/MM/RR'),'SH_CLERK','3800',null,'122','50');
INSERT INTO EMPLOYEES (EMPLOYEE_ID,FIRST_NAME,LAST_NAME,EMAIL,PHONE_NUMBER,HIRE_DATE,JOB_ID,SALARY,COMMISSION_PCT,MANAGER_ID,DEPARTMENT_ID) VALUES ('189','Jennifer','Dilly','JDILLY','650.505.2876',to_date('13/08/05','DD/MM/RR'),'SH_CLERK','3600',null,'122','50');
INSERT INTO EMPLOYEES (EMPLOYEE_ID,FIRST_NAME,LAST_NAME,EMAIL,PHONE_NUMBER,HIRE_DATE,JOB_ID,SALARY,COMMISSION_PCT,MANAGER_ID,DEPARTMENT_ID) VALUES ('190','Timothy','Gates','TGATES','650.505.3876',to_date('11/07/06','DD/MM/RR'),'SH_CLERK','2900',null,'122','50');
INSERT INTO EMPLOYEES (EMPLOYEE_ID,FIRST_NAME,LAST_NAME,EMAIL,PHONE_NUMBER,HIRE_DATE,JOB_ID,SALARY,COMMISSION_PCT,MANAGER_ID,DEPARTMENT_ID) VALUES ('191','Randall','Perkins','RPERKINS','650.505.4876',to_date('19/12/07','DD/MM/RR'),'SH_CLERK','2500',null,'122','50');
INSERT INTO EMPLOYEES (EMPLOYEE_ID,FIRST_NAME,LAST_NAME,EMAIL,PHONE_NUMBER,HIRE_DATE,JOB_ID,SALARY,COMMISSION_PCT,MANAGER_ID,DEPARTMENT_ID) VALUES ('192','Sarah','Bell','SBELL','650.501.1876',to_date('04/02/04','DD/MM/RR'),'SH_CLERK','4000',null,'123','50');
INSERT INTO EMPLOYEES (EMPLOYEE_ID,FIRST_NAME,LAST_NAME,EMAIL,PHONE_NUMBER,HIRE_DATE,JOB_ID,SALARY,COMMISSION_PCT,MANAGER_ID,DEPARTMENT_ID) VALUES ('193','Britney','Everett','BEVERETT','650.501.2876',to_date('03/03/05','DD/MM/RR'),'SH_CLERK','3900',null,'123','50');
INSERT INTO EMPLOYEES (EMPLOYEE_ID,FIRST_NAME,LAST_NAME,EMAIL,PHONE_NUMBER,HIRE_DATE,JOB_ID,SALARY,COMMISSION_PCT,MANAGER_ID,DEPARTMENT_ID) VALUES ('194','Samuel','McCain','SMCCAIN','650.501.3876',to_date('01/07/06','DD/MM/RR'),'SH_CLERK','3200',null,'123','50');
INSERT INTO EMPLOYEES (EMPLOYEE_ID,FIRST_NAME,LAST_NAME,EMAIL,PHONE_NUMBER,HIRE_DATE,JOB_ID,SALARY,COMMISSION_PCT,MANAGER_ID,DEPARTMENT_ID) VALUES ('195','Vance','Jones','VJONES','650.501.4876',to_date('17/03/07','DD/MM/RR'),'SH_CLERK','2800',null,'123','50');
INSERT INTO EMPLOYEES (EMPLOYEE_ID,FIRST_NAME,LAST_NAME,EMAIL,PHONE_NUMBER,HIRE_DATE,JOB_ID,SALARY,COMMISSION_PCT,MANAGER_ID,DEPARTMENT_ID) VALUES ('196','Alana','Walsh','AWALSH','650.507.9811',to_date('24/04/06','DD/MM/RR'),'SH_CLERK','3100',null,'124','50');
INSERT INTO EMPLOYEES (EMPLOYEE_ID,FIRST_NAME,LAST_NAME,EMAIL,PHONE_NUMBER,HIRE_DATE,JOB_ID,SALARY,COMMISSION_PCT,MANAGER_ID,DEPARTMENT_ID) VALUES ('197','Kevin','Feeney','KFEENEY','650.507.9822',to_date('23/05/06','DD/MM/RR'),'SH_CLERK','3000',null,'124','50');
INSERT INTO EMPLOYEES (EMPLOYEE_ID,FIRST_NAME,LAST_NAME,EMAIL,PHONE_NUMBER,HIRE_DATE,JOB_ID,SALARY,COMMISSION_PCT,MANAGER_ID,DEPARTMENT_ID) VALUES ('198','Donald','OConnell','DOCONNEL','650.507.9833',to_date('21/06/07','DD/MM/RR'),'SH_CLERK','2600',null,'124','50');
INSERT INTO EMPLOYEES (EMPLOYEE_ID,FIRST_NAME,LAST_NAME,EMAIL,PHONE_NUMBER,HIRE_DATE,JOB_ID,SALARY,COMMISSION_PCT,MANAGER_ID,DEPARTMENT_ID) VALUES ('199','Douglas','Grant','DGRANT','650.507.9844',to_date('13/01/08','DD/MM/RR'),'SH_CLERK','2600',null,'124','50');
INSERT INTO EMPLOYEES (EMPLOYEE_ID,FIRST_NAME,LAST_NAME,EMAIL,PHONE_NUMBER,HIRE_DATE,JOB_ID,SALARY,COMMISSION_PCT,MANAGER_ID,DEPARTMENT_ID) VALUES ('200','Jennifer','Whalen','JWHALEN','515.123.4444',to_date('17/09/03','DD/MM/RR'),'AD_ASST','4400',null,'101','10');
INSERT INTO EMPLOYEES (EMPLOYEE_ID,FIRST_NAME,LAST_NAME,EMAIL,PHONE_NUMBER,HIRE_DATE,JOB_ID,SALARY,COMMISSION_PCT,MANAGER_ID,DEPARTMENT_ID) VALUES ('201','Michael','Hartstein','MHARTSTE','515.123.5555',to_date('17/02/04','DD/MM/RR'),'MK_MAN','13000',null,'100','20');
INSERT INTO EMPLOYEES (EMPLOYEE_ID,FIRST_NAME,LAST_NAME,EMAIL,PHONE_NUMBER,HIRE_DATE,JOB_ID,SALARY,COMMISSION_PCT,MANAGER_ID,DEPARTMENT_ID) VALUES ('202','Pat','Fay','PFAY','603.123.6666',to_date('17/08/05','DD/MM/RR'),'MK_REP','6000',null,'201','20');
INSERT INTO EMPLOYEES (EMPLOYEE_ID,FIRST_NAME,LAST_NAME,EMAIL,PHONE_NUMBER,HIRE_DATE,JOB_ID,SALARY,COMMISSION_PCT,MANAGER_ID,DEPARTMENT_ID) VALUES ('203','Susan','Mavris','SMAVRIS','515.123.7777',to_date('07/06/02','DD/MM/RR'),'HR_REP','6500',null,'101','40');
INSERT INTO EMPLOYEES (EMPLOYEE_ID,FIRST_NAME,LAST_NAME,EMAIL,PHONE_NUMBER,HIRE_DATE,JOB_ID,SALARY,COMMISSION_PCT,MANAGER_ID,DEPARTMENT_ID) VALUES ('204','Hermann','Baer','HBAER','515.123.8888',to_date('07/06/02','DD/MM/RR'),'PR_REP','10000',null,'101','70');
INSERT INTO EMPLOYEES (EMPLOYEE_ID,FIRST_NAME,LAST_NAME,EMAIL,PHONE_NUMBER,HIRE_DATE,JOB_ID,SALARY,COMMISSION_PCT,MANAGER_ID,DEPARTMENT_ID) VALUES ('205','Shelley','Higgins','SHIGGINS','515.123.8080',to_date('07/06/02','DD/MM/RR'),'AC_MGR','12008',null,'101','110');
INSERT INTO EMPLOYEES (EMPLOYEE_ID,FIRST_NAME,LAST_NAME,EMAIL,PHONE_NUMBER,HIRE_DATE,JOB_ID,SALARY,COMMISSION_PCT,MANAGER_ID,DEPARTMENT_ID) VALUES ('206','William','Gietz','WGIETZ','515.123.8181',to_date('07/06/02','DD/MM/RR'),'AC_ACCOUNT','8300',null,'205','110');

REM INSERTING into JOB_HISTORY
INSERT INTO JOB_HISTORY (EMPLOYEE_ID,START_DATE,END_DATE,JOB_ID,DEPARTMENT_ID) VALUES ('102',to_date('13/01/01','DD/MM/RR'),to_date('24/07/06','DD/MM/RR'),'IT_PROG','60');
INSERT INTO JOB_HISTORY (EMPLOYEE_ID,START_DATE,END_DATE,JOB_ID,DEPARTMENT_ID) VALUES ('101',to_date('21/09/97','DD/MM/RR'),to_date('27/10/01','DD/MM/RR'),'AC_ACCOUNT','110');
INSERT INTO JOB_HISTORY (EMPLOYEE_ID,START_DATE,END_DATE,JOB_ID,DEPARTMENT_ID) VALUES ('101',to_date('28/10/01','DD/MM/RR'),to_date('15/03/05','DD/MM/RR'),'AC_MGR','110');
INSERT INTO JOB_HISTORY (EMPLOYEE_ID,START_DATE,END_DATE,JOB_ID,DEPARTMENT_ID) VALUES ('201',to_date('17/02/04','DD/MM/RR'),to_date('19/12/07','DD/MM/RR'),'MK_REP','20');
INSERT INTO JOB_HISTORY (EMPLOYEE_ID,START_DATE,END_DATE,JOB_ID,DEPARTMENT_ID) VALUES ('114',to_date('24/03/06','DD/MM/RR'),to_date('31/12/07','DD/MM/RR'),'ST_CLERK','50');
INSERT INTO JOB_HISTORY (EMPLOYEE_ID,START_DATE,END_DATE,JOB_ID,DEPARTMENT_ID) VALUES ('122',to_date('01/01/07','DD/MM/RR'),to_date('31/12/07','DD/MM/RR'),'ST_CLERK','50');
INSERT INTO JOB_HISTORY (EMPLOYEE_ID,START_DATE,END_DATE,JOB_ID,DEPARTMENT_ID) VALUES ('200',to_date('17/09/95','DD/MM/RR'),to_date('17/06/01','DD/MM/RR'),'AD_ASST','90');
INSERT INTO JOB_HISTORY (EMPLOYEE_ID,START_DATE,END_DATE,JOB_ID,DEPARTMENT_ID) VALUES ('176',to_date('24/03/06','DD/MM/RR'),to_date('31/12/06','DD/MM/RR'),'SA_REP','80');
INSERT INTO JOB_HISTORY (EMPLOYEE_ID,START_DATE,END_DATE,JOB_ID,DEPARTMENT_ID) VALUES ('176',to_date('01/01/07','DD/MM/RR'),to_date('31/12/07','DD/MM/RR'),'SA_MAN','80');
INSERT INTO JOB_HISTORY (EMPLOYEE_ID,START_DATE,END_DATE,JOB_ID,DEPARTMENT_ID) VALUES ('200',to_date('01/07/02','DD/MM/RR'),to_date('31/12/06','DD/MM/RR'),'AC_ACCOUNT','90');

--------------------------------------------------------
--  Ref Constraints for Table DEPARTMENTS
--------------------------------------------------------
ALTER TABLE DEPARTMENTS ADD CONSTRAINT DEP_LOC_FK FOREIGN KEY (LOCATION_ID)
	REFERENCES LOCATIONS (LOCATION_ID) ENABLE;
ALTER TABLE DEPARTMENTS ADD CONSTRAINT DEP_MGR_FK FOREIGN KEY (MANAGER_ID)
	REFERENCES EMPLOYEES (EMPLOYEE_ID) ENABLE;
	  
--------------------------------------------------------
--  Ref Constraints for Table EMPLOYEES
--------------------------------------------------------
ALTER TABLE EMPLOYEES ADD CONSTRAINT EMP_DEP_FK FOREIGN KEY (DEPARTMENT_ID)
	REFERENCES DEPARTMENTS (DEPARTMENT_ID) ENABLE;
ALTER TABLE EMPLOYEES ADD CONSTRAINT EMP_JOB_FK FOREIGN KEY (JOB_ID)
	REFERENCES JOBS (JOB_ID) ENABLE;
ALTER TABLE EMPLOYEES ADD CONSTRAINT EMP_MGR_FK FOREIGN KEY (MANAGER_ID)
	REFERENCES EMPLOYEES (EMPLOYEE_ID) ENABLE;

--------------------------------------------------------
--  Ref Constraints for Table JOB_HISTORY
--------------------------------------------------------
ALTER TABLE JOB_HISTORY ADD CONSTRAINT JHIS_DEP_FK FOREIGN KEY (DEPARTMENT_ID)
	REFERENCES DEPARTMENTS (DEPARTMENT_ID) ENABLE;
ALTER TABLE JOB_HISTORY ADD CONSTRAINT JHIS_EMP_FK FOREIGN KEY (EMPLOYEE_ID)
	REFERENCES EMPLOYEES (EMPLOYEE_ID) ENABLE;
ALTER TABLE JOB_HISTORY ADD CONSTRAINT JHIS_JOB_FK FOREIGN KEY (JOB_ID)
	REFERENCES JOBS (JOB_ID) ENABLE;

--------------------------------------------------------
--  Ref Constraints for Table LOCATIONS
--------------------------------------------------------
ALTER TABLE LOCATIONS ADD CONSTRAINT LOC_COU_FK FOREIGN KEY (COUNTRY_ID)
	REFERENCES COUNTRIES (COUNTRY_ID) ENABLE;

--------------------------------------------------------
--  Ref Constraints for Table COUNTRIES
--------------------------------------------------------
ALTER TABLE COUNTRIES ADD CONSTRAINT COU_REG_FK FOREIGN KEY (REGION_ID)
	REFERENCES REGIONS (REGION_ID) ENABLE;

--------------------------------------------------------
--  DDL for View EMP_DETAILS_VIEW
--------------------------------------------------------
CREATE OR REPLACE FORCE VIEW EMP_DETAILS_VIEW (
	employee_id, job_id, manager_id, department_id, location_id, 
	country_id, first_name, last_name, salary, commission_pct, department_name, job_title, city, 
	state_province, country_name, region_name ) AS 
SELECT
	e.employee_id,
	e.job_id,
	e.manager_id,
	e.department_id,
	d.location_id,
	l.country_id,
	e.first_name,
	e.last_name,
	e.salary,
	e.commission_pct,
	d.department_name,
	j.job_title,
	l.city,
	l.state_province,
	c.country_name,
	r.region_name
FROM employees e, departments d, jobs j, locations l, countries c, regions r
WHERE e.department_id = d.department_id
AND   d.location_id   = l.location_id
AND   l.country_id    = c.country_id
AND   c.region_id     = r.region_id
AND   j.job_id        = e.job_id;


--------------------------------------------------------
--  DDL for Trigger UPDATE_JOB_HISTORY
--------------------------------------------------------
CREATE OR REPLACE TRIGGER UPDATE_JOB_HISTORY 
	AFTER UPDATE OF job_id, department_id
	ON employees
	FOR EACH ROW
BEGIN
	INSERT INTO job_history (employee_id, start_date, end_date, job_id, department_id)
	VALUES( :OLD.employee_id, :OLD.hire_date, SYSDATE, :OLD.job_id, :OLD.department_id);
END;
/
ALTER TRIGGER UPDATE_JOB_HISTORY ENABLE;


--------------------------------------------------------
--  COMMENTS
--------------------------------------------------------
COMMENT ON COLUMN "COUNTRIES"."COUNTRY_ID" IS 'Primary key of countries table.';
COMMENT ON COLUMN "COUNTRIES"."COUNTRY_NAME" IS 'Country name';
COMMENT ON COLUMN "COUNTRIES"."REGION_ID" IS 'Region ID for the country. Foreign key to region_id column in the departments table.';
COMMENT ON TABLE "COUNTRIES"  IS 'country table. Contains 25 rows. References with locations table.';

COMMENT ON COLUMN "DEPARTMENTS"."DEPARTMENT_ID" IS 'Primary key column of departments table.';
COMMENT ON COLUMN "DEPARTMENTS"."DEPARTMENT_NAME" IS 'A not null column that shows name of a department. Administration,
Marketing, Purchasing, Human Resources, Shipping, IT, Executive, Public
Relations, Sales, Finance, and Accounting. ';
COMMENT ON COLUMN "DEPARTMENTS"."MANAGER_ID" IS 'Manager_id of a department. Foreign key to employee_id column of employees table. The manager_id column of the employee table references this column.';
COMMENT ON COLUMN "DEPARTMENTS"."LOCATION_ID" IS 'Location id where a department is located. Foreign key to location_id column of locations table.';
COMMENT ON TABLE "DEPARTMENTS"  IS 'Departments table that shows details of departments where employees
work. Contains 27 rows; references with locations, employees, and job_history tables.';

COMMENT ON COLUMN "EMPLOYEES"."EMPLOYEE_ID" IS 'Primary key of employees table.';
COMMENT ON COLUMN "EMPLOYEES"."FIRST_NAME" IS 'First name of the employee. A not null column.';
COMMENT ON COLUMN "EMPLOYEES"."LAST_NAME" IS 'Last name of the employee. A not null column.';
COMMENT ON COLUMN "EMPLOYEES"."EMAIL" IS 'Email id of the employee';
COMMENT ON COLUMN "EMPLOYEES"."PHONE_NUMBER" IS 'Phone number of the employee; includes country code and area code';
COMMENT ON COLUMN "EMPLOYEES"."HIRE_DATE" IS 'Date when the employee started on this job. A not null column.';
COMMENT ON COLUMN "EMPLOYEES"."JOB_ID" IS 'Current job of the employee; foreign key to job_id column of the
jobs table. A not null column.';
COMMENT ON COLUMN "EMPLOYEES"."SALARY" IS 'Monthly salary of the employee. Must be greater
than zero (enforced by constraint emp_salary_min)';
COMMENT ON COLUMN "EMPLOYEES"."COMMISSION_PCT" IS 'Commission percentage of the employee; Only employees in sales
department elgible for commission percentage';
COMMENT ON COLUMN "EMPLOYEES"."MANAGER_ID" IS 'Manager id of the employee; has same domain as manager_id in
departments table. Foreign key to employee_id column of employees table.
(useful for reflexive joins and CONNECT BY query)';
COMMENT ON COLUMN "EMPLOYEES"."DEPARTMENT_ID" IS 'Department id where employee works; foreign key to department_id
column of the departments table';
COMMENT ON TABLE "EMPLOYEES"  IS 'employees table. Contains 107 rows. References with departments,
jobs, job_history tables. Contains a self reference.';

COMMENT ON COLUMN "JOB_HISTORY"."EMPLOYEE_ID" IS 'A not null column in the complex primary key employee_id+start_date.
Foreign key to employee_id column of the employee table';
COMMENT ON COLUMN "JOB_HISTORY"."START_DATE" IS 'A not null column in the complex primary key employee_id+start_date.
Must be less than the end_date of the job_history table. (enforced by
constraint jhist_date_interval)';
COMMENT ON COLUMN "JOB_HISTORY"."END_DATE" IS 'Last day of the employee in this job role. A not null column. Must be
greater than the start_date of the job_history table.
(enforced by constraint jhist_date_interval)';
COMMENT ON COLUMN "JOB_HISTORY"."JOB_ID" IS 'Job role in which the employee worked in the past; foreign key to
job_id column in the jobs table. A not null column.';
COMMENT ON COLUMN "JOB_HISTORY"."DEPARTMENT_ID" IS 'Department id in which the employee worked in the past; foreign key to deparment_id column in the departments table';
COMMENT ON TABLE "JOB_HISTORY"  IS 'Table that stores job history of the employees. If an employee
changes departments within the job or changes jobs within the department,
new rows get inserted into this table with old job information of the
employee. Contains a complex primary key: employee_id+start_date.
Contains 25 rows. References with jobs, employees, and departments tables.';

COMMENT ON COLUMN "JOBS"."JOB_ID" IS 'Primary key of jobs table.';
COMMENT ON COLUMN "JOBS"."JOB_TITLE" IS 'A not null column that shows job title, e.g. AD_VP, FI_ACCOUNTANT';
COMMENT ON COLUMN "JOBS"."MIN_SALARY" IS 'Minimum salary for a job title.';
COMMENT ON COLUMN "JOBS"."MAX_SALARY" IS 'Maximum salary for a job title';
COMMENT ON TABLE "JOBS"  IS 'jobs table with job titles and salary ranges. Contains 19 rows.
References with employees and job_history table.';

COMMENT ON COLUMN "LOCATIONS"."LOCATION_ID" IS 'Primary key of locations table';
COMMENT ON COLUMN "LOCATIONS"."STREET_ADDRESS" IS 'Street address of an office, warehouse, or production site of a company.
Contains building number and street name';
COMMENT ON COLUMN "LOCATIONS"."POSTAL_CODE" IS 'Postal code of the location of an office, warehouse, or production site
of a company. ';
COMMENT ON COLUMN "LOCATIONS"."CITY" IS 'A not null column that shows city where an office, warehouse, or
production site of a company is located. ';
COMMENT ON COLUMN "LOCATIONS"."STATE_PROVINCE" IS 'State or Province where an office, warehouse, or production site of a
company is located.';
COMMENT ON COLUMN "LOCATIONS"."COUNTRY_ID" IS 'Country where an office, warehouse, or production site of a company is
located. Foreign key to country_id column of the countries table.';
COMMENT ON TABLE "LOCATIONS"  IS 'Locations table that contains specific address of a specific office,
warehouse, and/or production site of a company. Does not store addresses /
locations of customers. Contains 23 rows; references with the
departments and countries tables. ';
