<?xml version = '1.0' encoding = 'UTF-8'?>
<FKIndexAssociation class="oracle.dbtools.crest.model.design.relational.FKIndexAssociation" directorySegmentName="seg_0" id="0FC00885-3E45-3064-2650-CF9C92DE3740" containerWithKeyObject="41E9017C-D892-AC95-D9CB-D9766D143924" localFKIndex="7E04D459-E468-1B43-2B2F-C50136B09813" name="DEPT_LOCATION_FK">
<createdBy>bvives</createdBy>
<createdTime>2019-01-28 09:27:20 UTC</createdTime>
<generatorID>9C7E3B53-EE7D-A3A0-6AEC-B8D304C7F84D</generatorID>
<ownerDesignName>HR-OE</ownerDesignName>
<referredTableLongName>LOCATIONS</referredTableLongName>
<deleteRule>NO ACTION</deleteRule>
<referredTableID>6EC2C1BE-B88E-515A-99F3-F09F3C272208</referredTableID>
<keyObject>B80D3249-C7AC-E987-3C80-9EA0340F6E71</keyObject>
<referredKeyID>B80D3249-C7AC-E987-3C80-9EA0340F6E71</referredKeyID>
<mandatory>false</mandatory>
<refColNames>LOCATION_ID</refColNames>
<transferable>true</transferable>
<rely>false</rely>
<columnDependencyConstraintGenerateInDDL>true</columnDependencyConstraintGenerateInDDL>
</FKIndexAssociation>