<?xml version = '1.0' encoding = 'UTF-8'?>
<FKIndexAssociation class="oracle.dbtools.crest.model.design.relational.FKIndexAssociation" directorySegmentName="seg_0" id="17267CF1-DA21-88E0-D968-ACE70718D26E" containerWithKeyObject="43DE4F62-BB33-4EFA-F7C9-5FB3F3F7793F" localFKIndex="682793C1-23CB-C61B-3DCB-015CA501F98C" name="JHIST_JOB_FK">
<createdBy>bvives</createdBy>
<createdTime>2019-01-28 09:27:20 UTC</createdTime>
<generatorID>3861BC2F-C68D-01A4-CF5B-2FFA4B271CA7</generatorID>
<ownerDesignName>HR-OE</ownerDesignName>
<referredTableLongName>JOBS</referredTableLongName>
<deleteRule>NO ACTION</deleteRule>
<referredTableID>3C145A64-68CE-1CD5-0926-576D37689F91</referredTableID>
<keyObject>6114F607-BBD3-DC76-437C-4930F826EC97</keyObject>
<referredKeyID>6114F607-BBD3-DC76-437C-4930F826EC97</referredKeyID>
<mandatory>true</mandatory>
<refColNames>JOB_ID</refColNames>
<transferable>true</transferable>
<rely>false</rely>
<columnDependencyConstraintGenerateInDDL>true</columnDependencyConstraintGenerateInDDL>
</FKIndexAssociation>