<?xml version = '1.0' encoding = 'UTF-8'?>
<FKIndexAssociation class="oracle.dbtools.crest.model.design.relational.FKIndexAssociation" directorySegmentName="seg_0" id="2EDBDC3B-CA1B-806A-565F-31DC9E41A400" containerWithKeyObject="43DE4F62-BB33-4EFA-F7C9-5FB3F3F7793F" localFKIndex="8F61FFF9-0710-FB72-532D-422EE08A15CD" name="JHIST_DEPARTMENT_FK">
<createdBy>bvives</createdBy>
<createdTime>2019-01-28 09:27:20 UTC</createdTime>
<generatorID>6351CFA1-2961-E2C6-51A0-2C72718CF0BE</generatorID>
<ownerDesignName>HR-OE</ownerDesignName>
<referredTableLongName>DEPARTMENTS</referredTableLongName>
<deleteRule>NO ACTION</deleteRule>
<referredTableID>41E9017C-D892-AC95-D9CB-D9766D143924</referredTableID>
<keyObject>9B3446D7-3035-C5C9-0269-61AA6D680504</keyObject>
<referredKeyID>9B3446D7-3035-C5C9-0269-61AA6D680504</referredKeyID>
<mandatory>false</mandatory>
<refColNames>DEPARTMENT_ID</refColNames>
<transferable>true</transferable>
<rely>false</rely>
<columnDependencyConstraintGenerateInDDL>true</columnDependencyConstraintGenerateInDDL>
</FKIndexAssociation>