<?xml version = '1.0' encoding = 'UTF-8'?>
<FKIndexAssociation class="oracle.dbtools.crest.model.design.relational.FKIndexAssociation" directorySegmentName="seg_0" id="3F7B23B8-4FC3-D7B0-BD25-B0BFA42FD2B6" containerWithKeyObject="706B628B-78FF-F7A2-2A20-A1708CD260E0" localFKIndex="B2494FCE-9F88-E358-4E66-0707806EEC4E" name="EMP_MANAGER_FK">
<createdBy>bvives</createdBy>
<createdTime>2019-01-28 09:27:20 UTC</createdTime>
<generatorID>DB81CCCE-7F77-24E0-6C6C-5FAAE9B33981</generatorID>
<ownerDesignName>HR-OE</ownerDesignName>
<referredTableLongName>EMPLOYEES</referredTableLongName>
<deleteRule>NO ACTION</deleteRule>
<referredTableID>706B628B-78FF-F7A2-2A20-A1708CD260E0</referredTableID>
<keyObject>1CE5F14C-374F-8011-1C52-6F6479E45F8F</keyObject>
<referredKeyID>1CE5F14C-374F-8011-1C52-6F6479E45F8F</referredKeyID>
<mandatory>false</mandatory>
<refColNames>EMPLOYEE_ID</refColNames>
<transferable>true</transferable>
<rely>false</rely>
<columnDependencyConstraintGenerateInDDL>true</columnDependencyConstraintGenerateInDDL>
</FKIndexAssociation>