<?xml version = '1.0' encoding = 'UTF-8'?>
<FKIndexAssociation class="oracle.dbtools.crest.model.design.relational.FKIndexAssociation" directorySegmentName="seg_0" id="5027E2E4-DB63-F131-EF9C-9B830DD43F11" containerWithKeyObject="706B628B-78FF-F7A2-2A20-A1708CD260E0" localFKIndex="9B7EB46F-03FC-504C-2A55-B8C69F2CCDFB" name="EMP_JOB_FK">
<createdBy>bvives</createdBy>
<createdTime>2019-01-28 09:27:20 UTC</createdTime>
<generatorID>CC8C4A81-B146-FC9D-D019-487598333F40</generatorID>
<ownerDesignName>HR-OE</ownerDesignName>
<referredTableLongName>JOBS</referredTableLongName>
<deleteRule>NO ACTION</deleteRule>
<referredTableID>3C145A64-68CE-1CD5-0926-576D37689F91</referredTableID>
<keyObject>6114F607-BBD3-DC76-437C-4930F826EC97</keyObject>
<referredKeyID>6114F607-BBD3-DC76-437C-4930F826EC97</referredKeyID>
<mandatory>true</mandatory>
<refColNames>JOB_ID</refColNames>
<transferable>true</transferable>
<rely>false</rely>
<columnDependencyConstraintGenerateInDDL>true</columnDependencyConstraintGenerateInDDL>
</FKIndexAssociation>