<?xml version = '1.0' encoding = 'UTF-8'?>
<FKIndexAssociation class="oracle.dbtools.crest.model.design.relational.FKIndexAssociation" directorySegmentName="seg_0" id="7D748E5E-F6A2-71F2-A2AD-60A80FCA5540" containerWithKeyObject="706B628B-78FF-F7A2-2A20-A1708CD260E0" localFKIndex="6051DCBB-7748-7F06-C842-7BCE1FB5AAEA" name="EMP_DEPARTMENT_FK">
<createdBy>bvives</createdBy>
<createdTime>2019-01-28 09:27:20 UTC</createdTime>
<generatorID>8198EAF8-2629-F3D5-0EA8-CBFE2F8AFD32</generatorID>
<ownerDesignName>HR-OE</ownerDesignName>
<referredTableLongName>DEPARTMENTS</referredTableLongName>
<deleteRule>NO ACTION</deleteRule>
<referredTableID>41E9017C-D892-AC95-D9CB-D9766D143924</referredTableID>
<keyObject>9B3446D7-3035-C5C9-0269-61AA6D680504</keyObject>
<referredKeyID>9B3446D7-3035-C5C9-0269-61AA6D680504</referredKeyID>
<mandatory>false</mandatory>
<refColNames>DEPARTMENT_ID</refColNames>
<transferable>true</transferable>
<rely>false</rely>
<columnDependencyConstraintGenerateInDDL>true</columnDependencyConstraintGenerateInDDL>
</FKIndexAssociation>