<?xml version = '1.0' encoding = 'UTF-8'?>
<FKIndexAssociation class="oracle.dbtools.crest.model.design.relational.FKIndexAssociation" directorySegmentName="seg_0" id="8EC82C1D-4774-1F80-BCDC-54C94695F0EB" containerWithKeyObject="41E9017C-D892-AC95-D9CB-D9766D143924" localFKIndex="A64C872D-E7E0-5A46-5E08-6FC4B45590E3" name="DEPT_MANAGER_FK">
<createdBy>bvives</createdBy>
<createdTime>2019-01-28 09:27:20 UTC</createdTime>
<generatorID>AD0E61F3-EF38-4EB1-5CF7-81348AAE28FB</generatorID>
<ownerDesignName>HR-OE</ownerDesignName>
<referredTableLongName>EMPLOYEES</referredTableLongName>
<deleteRule>NO ACTION</deleteRule>
<referredTableID>706B628B-78FF-F7A2-2A20-A1708CD260E0</referredTableID>
<keyObject>1CE5F14C-374F-8011-1C52-6F6479E45F8F</keyObject>
<referredKeyID>1CE5F14C-374F-8011-1C52-6F6479E45F8F</referredKeyID>
<mandatory>false</mandatory>
<refColNames>EMPLOYEE_ID</refColNames>
<transferable>true</transferable>
<rely>false</rely>
<columnDependencyConstraintGenerateInDDL>true</columnDependencyConstraintGenerateInDDL>
</FKIndexAssociation>