<?xml version = '1.0' encoding = 'UTF-8'?>
<FKIndexAssociation class="oracle.dbtools.crest.model.design.relational.FKIndexAssociation" directorySegmentName="seg_0" id="933449D2-6679-634D-C3C0-DA18EAA32F0A" containerWithKeyObject="43DE4F62-BB33-4EFA-F7C9-5FB3F3F7793F" localFKIndex="663D1DB5-1492-35B4-C738-41A97B5AF6C6" name="JHIST_EMPLOYEE_FK">
<createdBy>bvives</createdBy>
<createdTime>2019-01-28 09:27:20 UTC</createdTime>
<generatorID>D36BC628-2BCD-7B71-4258-16CC6DE7BBA0</generatorID>
<ownerDesignName>HR-OE</ownerDesignName>
<referredTableLongName>EMPLOYEES</referredTableLongName>
<deleteRule>NO ACTION</deleteRule>
<referredTableID>706B628B-78FF-F7A2-2A20-A1708CD260E0</referredTableID>
<keyObject>1CE5F14C-374F-8011-1C52-6F6479E45F8F</keyObject>
<referredKeyID>1CE5F14C-374F-8011-1C52-6F6479E45F8F</referredKeyID>
<mandatory>true</mandatory>
<refColNames>EMPLOYEE_ID</refColNames>
<transferable>true</transferable>
<rely>false</rely>
<columnDependencyConstraintGenerateInDDL>true</columnDependencyConstraintGenerateInDDL>
</FKIndexAssociation>