<?xml version = '1.0' encoding = 'UTF-8'?>
<Relation class="oracle.dbtools.crest.model.design.logical.Relation" name="Relation_25" directorySegmentName="seg_0" id="091C1879-BEDB-272F-2977-B5B4B347E65F">
<createdBy>bvives</createdBy>
<createdTime>2019-02-09 14:45:08 UTC</createdTime>
<ownerDesignName>HR-OE</ownerDesignName>
<engineerTo>
<item key="B55ED2C6-C1BA-7A37-DD77-26C4BC6F8038" value="true"/>
</engineerTo>
<sourcePk>6EB65271-9A61-4FCA-F3F2-19D316E48E1B</sourcePk>
<identifying>false</identifying>
<optionalSource>true</optionalSource>
<optionalTarget>true</optionalTarget>
<sourceCardinality>1</sourceCardinality>
<sourceEntity>0143DA17-2C08-0BAA-436C-1C2014A57A87</sourceEntity>
<targetCardinalityString>*</targetCardinalityString>
<targetEntity>D76C41CB-5043-B3F6-D15B-FDFC4F594657</targetEntity>
<transferable>true</transferable>
<deleteRule>NO ACTION</deleteRule>
</Relation>