<?xml version = '1.0' encoding = 'UTF-8'?>
<Relation class="oracle.dbtools.crest.model.design.logical.Relation" name="COUNTRY_REGION_FK" directorySegmentName="seg_0" id="41F2D13D-30D0-5123-3CE0-4F32591B3620">
<createdBy>bvives</createdBy>
<createdTime>2019-01-28 08:47:39 UTC</createdTime>
<ownerDesignName>HR-OE</ownerDesignName>
<engineerTo>
<item key="241D580E-9138-1535-C0B0-7901A75ECB9B" value="true"/>
</engineerTo>
<sourcePk>3AD0F777-13BE-8725-8751-BA00BB999A45</sourcePk>
<identifying>false</identifying>
<optionalSource>true</optionalSource>
<optionalTarget>true</optionalTarget>
<sourceCardinality>1</sourceCardinality>
<sourceEntity>9ED5CE87-417B-0D7D-D0C4-2BE83BFD6463</sourceEntity>
<targetCardinalityString>*</targetCardinalityString>
<targetEntity>6345FAB7-3D84-C64F-B0FB-5719F85BD733</targetEntity>
<transferable>true</transferable>
<deleteRule>NO ACTION</deleteRule>
</Relation>