<?xml version = '1.0' encoding = 'UTF-8'?>
<Relation class="oracle.dbtools.crest.model.design.logical.Relation" name="JHIST_DEPARTAMENT_FK" directorySegmentName="seg_0" id="6351CFA1-2961-E2C6-51A0-2C72718CF0BE">
<createdBy>bvives</createdBy>
<createdTime>2019-01-28 09:01:55 UTC</createdTime>
<ownerDesignName>HR-OE</ownerDesignName>
<engineerTo>
<item key="FC1E6755-FDCE-71DD-4BFD-D27EBC8ACD0F" value="true"/>
</engineerTo>
<sourcePk>F647DB5C-43DE-C043-EAA9-EAE568DA1DBF</sourcePk>
<identifying>false</identifying>
<optionalSource>true</optionalSource>
<optionalTarget>true</optionalTarget>
<sourceCardinality>1</sourceCardinality>
<sourceEntity>022DA846-812E-3BAB-1158-34AD6D5F18BA</sourceEntity>
<targetCardinalityString>*</targetCardinalityString>
<targetEntity>2F1442FA-D2D8-5320-B7C7-4546F5FBE83D</targetEntity>
<transferable>true</transferable>
<deleteRule>NO ACTION</deleteRule>
</Relation>