<?xml version = '1.0' encoding = 'UTF-8'?>
<Relation class="oracle.dbtools.crest.model.design.logical.Relation" name="EMP_DEPARTMENTS_FK" directorySegmentName="seg_0" id="8198EAF8-2629-F3D5-0EA8-CBFE2F8AFD32">
<createdBy>bvives</createdBy>
<createdTime>2019-01-28 08:43:15 UTC</createdTime>
<ownerDesignName>HR-OE</ownerDesignName>
<engineerTo>
<item key="241D580E-9138-1535-C0B0-7901A75ECB9B" value="true"/>
</engineerTo>
<sourcePk>F647DB5C-43DE-C043-EAA9-EAE568DA1DBF</sourcePk>
<identifying>false</identifying>
<optionalSource>true</optionalSource>
<optionalTarget>true</optionalTarget>
<sourceCardinality>1</sourceCardinality>
<sourceEntity>022DA846-812E-3BAB-1158-34AD6D5F18BA</sourceEntity>
<targetCardinalityString>*</targetCardinalityString>
<targetEntity>AF655144-7BE0-EAB4-A975-D3F631819E65</targetEntity>
<transferable>true</transferable>
<deleteRule>NO ACTION</deleteRule>
</Relation>