<?xml version = '1.0' encoding = 'UTF-8'?>
<Relation class="oracle.dbtools.crest.model.design.logical.Relation" name="ORDER_ITEMS" directorySegmentName="seg_0" id="8EBDD74C-7EB9-0FD3-5D30-0A5B42B1896A">
<createdBy>bvives</createdBy>
<createdTime>2019-01-28 11:04:49 UTC</createdTime>
<ownerDesignName>HR-OE</ownerDesignName>
<engineerTo>
<item key="B55ED2C6-C1BA-7A37-DD77-26C4BC6F8038" value="true"/>
</engineerTo>
<identifying>false</identifying>
<optionalSource>true</optionalSource>
<optionalTarget>false</optionalTarget>
<sourceCardinality>*</sourceCardinality>
<sourceEntity>A5AFEE12-47D1-06DF-C5F1-75D0694656D6</sourceEntity>
<targetCardinalityString>*</targetCardinalityString>
<targetEntity>D76C41CB-5043-B3F6-D15B-FDFC4F594657</targetEntity>
<transferable>true</transferable>
<deleteRule>NO ACTION</deleteRule>
<attributes itemClass="oracle.dbtools.crest.model.design.logical.Attribute">
<attribute name="LINE_ITEM_ID" id="1071ECEA-6101-A8F5-71CF-FC80A4EB1968">
<createdBy>bvives</createdBy>
<createdTime>2019-01-28 11:05:45 UTC</createdTime>
<ownerDesignName>HR-OE</ownerDesignName>
<engineerTo>
<item key="B55ED2C6-C1BA-7A37-DD77-26C4BC6F8038" value="true"/>
</engineerTo>
<useDomainConstraints>false</useDomainConstraints>
<use>1</use>
<logicalDatatype>LOGDT019</logicalDatatype>
<dataTypePrecision>3</dataTypePrecision>
<dataTypeScale>0</dataTypeScale>
<ownDataTypeParameters>,3,0</ownDataTypeParameters>
</attribute>
<attribute name="UNIT_PRICE" id="DA893BC5-CADA-FBDE-33AB-DC7CD1C50269">
<createdBy>bvives</createdBy>
<createdTime>2019-01-28 11:06:25 UTC</createdTime>
<ownerDesignName>HR-OE</ownerDesignName>
<engineerTo>
<item key="B55ED2C6-C1BA-7A37-DD77-26C4BC6F8038" value="true"/>
</engineerTo>
<nullsAllowed>true</nullsAllowed>
<useDomainConstraints>false</useDomainConstraints>
<use>1</use>
<logicalDatatype>LOGDT019</logicalDatatype>
<dataTypePrecision>8</dataTypePrecision>
<dataTypeScale>2</dataTypeScale>
<ownDataTypeParameters>,8,2</ownDataTypeParameters>
</attribute>
<attribute name="QUANTITY" id="16EA6D30-C369-CB05-95D8-557D9DBDF800">
<createdBy>bvives</createdBy>
<createdTime>2019-01-28 11:06:44 UTC</createdTime>
<ownerDesignName>HR-OE</ownerDesignName>
<engineerTo>
<item key="B55ED2C6-C1BA-7A37-DD77-26C4BC6F8038" value="true"/>
</engineerTo>
<nullsAllowed>true</nullsAllowed>
<useDomainConstraints>false</useDomainConstraints>
<use>1</use>
<logicalDatatype>LOGDT019</logicalDatatype>
<dataTypePrecision>8</dataTypePrecision>
<dataTypeScale>0</dataTypeScale>
<ownDataTypeParameters>,8,0</ownDataTypeParameters>
</attribute>
</attributes>
</Relation>