<?xml version = '1.0' encoding = 'UTF-8'?>
<Relation class="oracle.dbtools.crest.model.design.logical.Relation" name="DEPT_MANAGER_FK" directorySegmentName="seg_0" id="AD0E61F3-EF38-4EB1-5CF7-81348AAE28FB">
<createdBy>bvives</createdBy>
<createdTime>2019-01-28 08:49:38 UTC</createdTime>
<ownerDesignName>HR-OE</ownerDesignName>
<engineerTo>
<item key="FC1E6755-FDCE-71DD-4BFD-D27EBC8ACD0F" value="true"/>
</engineerTo>
<sourcePk>F61F3026-161F-90B8-37A8-FE32E8BE6A42</sourcePk>
<identifying>false</identifying>
<optionalSource>true</optionalSource>
<optionalTarget>true</optionalTarget>
<sourceCardinality>1</sourceCardinality>
<sourceEntity>AF655144-7BE0-EAB4-A975-D3F631819E65</sourceEntity>
<targetCardinalityString>*</targetCardinalityString>
<targetEntity>022DA846-812E-3BAB-1158-34AD6D5F18BA</targetEntity>
<transferable>true</transferable>
<deleteRule>NO ACTION</deleteRule>
</Relation>