<?xml version = '1.0' encoding = 'UTF-8'?>
<Relation class="oracle.dbtools.crest.model.design.logical.Relation" name="Relation_13" directorySegmentName="seg_0" id="D743AFA7-B035-6788-55D7-5DB3206D8BF7">
<createdBy>bvives</createdBy>
<createdTime>2019-01-28 10:44:16 UTC</createdTime>
<ownerDesignName>HR-OE</ownerDesignName>
<engineerTo>
<item key="B55ED2C6-C1BA-7A37-DD77-26C4BC6F8038" value="true"/>
</engineerTo>
<sourcePk>F61F3026-161F-90B8-37A8-FE32E8BE6A42</sourcePk>
<identifying>false</identifying>
<optionalSource>true</optionalSource>
<optionalTarget>true</optionalTarget>
<sourceCardinality>1</sourceCardinality>
<sourceEntity>AF655144-7BE0-EAB4-A975-D3F631819E65</sourceEntity>
<targetCardinalityString>*</targetCardinalityString>
<targetEntity>D3260A0C-FD32-012E-26DC-F117E12A0820</targetEntity>
<transferable>true</transferable>
<deleteRule>NO ACTION</deleteRule>
</Relation>