<?xml version = '1.0' encoding = 'UTF-8'?>
<Table class="oracle.dbtools.crest.model.design.relational.Table" directorySegmentName="seg_0" id="41E9017C-D892-AC95-D9CB-D9766D143924" name="DEPARTMENTS">
<createdBy>bvives</createdBy>
<createdTime>2019-01-28 09:27:20 UTC</createdTime>
<generatorID>022DA846-812E-3BAB-1158-34AD6D5F18BA</generatorID>
<ownerDesignName>HR-OE</ownerDesignName>
<allowColumnReorder>false</allowColumnReorder>
<existDependencyGenerateInDDl>true</existDependencyGenerateInDDl>
<parsed>true</parsed>
<columns itemClass="oracle.dbtools.crest.model.design.relational.Column">
<Column name="DEPARTMENT_ID" id="B5041747-4124-6066-D2D8-460B00029D03">
<createdBy>bvives</createdBy>
<createdTime>2019-01-28 09:27:20 UTC</createdTime>
<generatorID>FECFE0E3-1805-06CD-8982-5B10F33F161E</generatorID>
<ownerDesignName>HR-OE</ownerDesignName>
<useDomainConstraints>false</useDomainConstraints>
<use>1</use>
<logicalDatatype>LOGDT019</logicalDatatype>
<dataTypePrecision>4</dataTypePrecision>
<ownDataTypeParameters>,4,</ownDataTypeParameters>
<autoIncrementCycle>false</autoIncrementCycle>
</Column>
<Column name="DEPARTMENT_NAME" id="9B785A6C-A938-7421-5EF1-7EF103769B33">
<createdBy>bvives</createdBy>
<createdTime>2019-01-28 09:27:20 UTC</createdTime>
<generatorID>B5ECF351-134A-01CB-99F7-4E5AAA4A7BC3</generatorID>
<ownerDesignName>HR-OE</ownerDesignName>
<useDomainConstraints>false</useDomainConstraints>
<use>1</use>
<logicalDatatype>LOGDT024</logicalDatatype>
<dataTypeSize>30</dataTypeSize>
<ownDataTypeParameters>30,,</ownDataTypeParameters>
<autoIncrementCycle>false</autoIncrementCycle>
</Column>
<Column name="MANAGER_ID" id="FB0508F8-2BAB-6D3B-3A03-93B8F6454B49">
<createdBy>bvives</createdBy>
<createdTime>2019-01-28 09:27:20 UTC</createdTime>
<generatorID>D11F71C9-DF79-E961-A948-2857E5201F06</generatorID>
<ownerDesignName>HR-OE</ownerDesignName>
<nullsAllowed>true</nullsAllowed>
<useDomainConstraints>false</useDomainConstraints>
<use>1</use>
<logicalDatatype>LOGDT019</logicalDatatype>
<dataTypePrecision>6</dataTypePrecision>
<ownDataTypeParameters>,,</ownDataTypeParameters>
<previousColumn>false</previousColumn>
<autoIncrementCycle>false</autoIncrementCycle>
<associations>
<colAssociation fkAssociation="8EC82C1D-4774-1F80-BCDC-54C94695F0EB" referredColumn="93F24566-A9CE-27B6-ABF7-0282165E90F5"/>
</associations>
</Column>
<Column name="LOCATION_ID" id="FEE03AFC-AE8E-3874-D427-474A3DA81187">
<createdBy>bvives</createdBy>
<createdTime>2019-01-28 09:27:20 UTC</createdTime>
<generatorID>C0AA5CFB-959D-D733-F084-D023B17D7788</generatorID>
<ownerDesignName>HR-OE</ownerDesignName>
<nullsAllowed>true</nullsAllowed>
<useDomainConstraints>false</useDomainConstraints>
<use>1</use>
<logicalDatatype>LOGDT019</logicalDatatype>
<dataTypePrecision>4</dataTypePrecision>
<ownDataTypeParameters>,,</ownDataTypeParameters>
<previousColumn>false</previousColumn>
<autoIncrementCycle>false</autoIncrementCycle>
<associations>
<colAssociation fkAssociation="0FC00885-3E45-3064-2650-CF9C92DE3740" referredColumn="1E62145F-1C15-6783-225C-8A4FD3CA1528"/>
</associations>
</Column>
</columns>
<indexes itemClass="oracle.dbtools.crest.model.design.relational.Index">
<ind_PK_UK id="9B3446D7-3035-C5C9-0269-61AA6D680504" name="DEPT_PK">
<createdBy>bvives</createdBy>
<createdTime>2019-01-28 09:27:20 UTC</createdTime>
<generatorID>F647DB5C-43DE-C043-EAA9-EAE568DA1DBF</generatorID>
<ownerDesignName>HR-OE</ownerDesignName>
<pk>true</pk>
<indexState>Primary Constraint</indexState>
<isSurrogateKey>false</isSurrogateKey>
<indexColumnUsage>
<colUsage columnID="B5041747-4124-6066-D2D8-460B00029D03"/>
</indexColumnUsage>
</ind_PK_UK>
<ind_PK_UK id="7E04D459-E468-1B43-2B2F-C50136B09813" name="DEPT_LOCATION_FK">
<createdBy>bvives</createdBy>
<createdTime>2019-01-28 09:27:20 UTC</createdTime>
<generatorID>9C7E3B53-EE7D-A3A0-6AEC-B8D304C7F84D</generatorID>
<ownerDesignName>HR-OE</ownerDesignName>
<indexState>Foreign Key</indexState>
<isSurrogateKey>false</isSurrogateKey>
<indexColumnUsage>
<colUsage columnID="FEE03AFC-AE8E-3874-D427-474A3DA81187"/>
</indexColumnUsage>
</ind_PK_UK>
<ind_PK_UK id="A64C872D-E7E0-5A46-5E08-6FC4B45590E3" name="DEPT_MANAGER_FK">
<createdBy>bvives</createdBy>
<createdTime>2019-01-28 09:27:20 UTC</createdTime>
<generatorID>AD0E61F3-EF38-4EB1-5CF7-81348AAE28FB</generatorID>
<ownerDesignName>HR-OE</ownerDesignName>
<indexState>Foreign Key</indexState>
<isSurrogateKey>false</isSurrogateKey>
<indexColumnUsage>
<colUsage columnID="FB0508F8-2BAB-6D3B-3A03-93B8F6454B49"/>
</indexColumnUsage>
</ind_PK_UK>
</indexes>
</Table>