<?xml version = '1.0' encoding = 'UTF-8'?>
<Table class="oracle.dbtools.crest.model.design.relational.Table" directorySegmentName="seg_0" id="6EC2C1BE-B88E-515A-99F3-F09F3C272208" name="LOCATIONS">
<createdBy>bvives</createdBy>
<createdTime>2019-01-28 09:27:20 UTC</createdTime>
<generatorID>243DC053-C4C8-B010-D53C-4068E0561CEA</generatorID>
<ownerDesignName>HR-OE</ownerDesignName>
<allowColumnReorder>false</allowColumnReorder>
<existDependencyGenerateInDDl>true</existDependencyGenerateInDDl>
<parsed>true</parsed>
<columns itemClass="oracle.dbtools.crest.model.design.relational.Column">
<Column name="LOCATION_ID" id="1E62145F-1C15-6783-225C-8A4FD3CA1528">
<createdBy>bvives</createdBy>
<createdTime>2019-01-28 09:27:20 UTC</createdTime>
<generatorID>73E27236-F71A-530A-7E68-5F99949F9D25</generatorID>
<ownerDesignName>HR-OE</ownerDesignName>
<useDomainConstraints>false</useDomainConstraints>
<use>1</use>
<logicalDatatype>LOGDT019</logicalDatatype>
<dataTypePrecision>4</dataTypePrecision>
<ownDataTypeParameters>,4,</ownDataTypeParameters>
<autoIncrementCycle>false</autoIncrementCycle>
</Column>
<Column name="STREET_ADDRESS" id="73115553-39EE-DBE4-056B-9EB9A35EC3DB">
<createdBy>bvives</createdBy>
<createdTime>2019-01-28 09:27:20 UTC</createdTime>
<generatorID>252A2194-1FCD-313E-BD12-C6367DA827FA</generatorID>
<ownerDesignName>HR-OE</ownerDesignName>
<nullsAllowed>true</nullsAllowed>
<useDomainConstraints>false</useDomainConstraints>
<use>1</use>
<logicalDatatype>LOGDT024</logicalDatatype>
<dataTypeSize>40</dataTypeSize>
<ownDataTypeParameters>40,,</ownDataTypeParameters>
<autoIncrementCycle>false</autoIncrementCycle>
</Column>
<Column name="POSTAL_CODE" id="2AC658EB-7A49-9331-5F5C-3CFF4A772068">
<createdBy>bvives</createdBy>
<createdTime>2019-01-28 09:27:20 UTC</createdTime>
<generatorID>1BAB77B7-F19F-AF0E-0008-2AD1CC602F96</generatorID>
<ownerDesignName>HR-OE</ownerDesignName>
<nullsAllowed>true</nullsAllowed>
<useDomainConstraints>false</useDomainConstraints>
<use>1</use>
<logicalDatatype>LOGDT024</logicalDatatype>
<dataTypeSize>12</dataTypeSize>
<ownDataTypeParameters>12,,</ownDataTypeParameters>
<autoIncrementCycle>false</autoIncrementCycle>
</Column>
<Column name="CITY" id="2AC69557-D7D0-CEC2-53E8-B1FF21A7F9AA">
<createdBy>bvives</createdBy>
<createdTime>2019-01-28 09:27:20 UTC</createdTime>
<generatorID>F059F029-FE5E-1BD9-F95E-E349DC1E6355</generatorID>
<ownerDesignName>HR-OE</ownerDesignName>
<useDomainConstraints>false</useDomainConstraints>
<use>1</use>
<logicalDatatype>LOGDT024</logicalDatatype>
<dataTypeSize>30</dataTypeSize>
<ownDataTypeParameters>30,,</ownDataTypeParameters>
<autoIncrementCycle>false</autoIncrementCycle>
</Column>
<Column name="STATE_PROVINCE" id="063D815F-735B-7B4D-629E-44186325A0AB">
<createdBy>bvives</createdBy>
<createdTime>2019-01-28 09:27:20 UTC</createdTime>
<generatorID>1557677D-D9F1-DE6C-B82C-25C1363D2311</generatorID>
<ownerDesignName>HR-OE</ownerDesignName>
<nullsAllowed>true</nullsAllowed>
<useDomainConstraints>false</useDomainConstraints>
<use>1</use>
<logicalDatatype>LOGDT024</logicalDatatype>
<dataTypeSize>25</dataTypeSize>
<ownDataTypeParameters>25,,</ownDataTypeParameters>
<autoIncrementCycle>false</autoIncrementCycle>
</Column>
<Column name="COUNTRY_ID" id="AE363F58-477E-FEDD-7C20-848FF7E59487">
<createdBy>bvives</createdBy>
<createdTime>2019-01-28 09:27:20 UTC</createdTime>
<generatorID>AC647480-BC87-6AFA-FF00-1005588E2B9D</generatorID>
<ownerDesignName>HR-OE</ownerDesignName>
<nullsAllowed>true</nullsAllowed>
<useDomainConstraints>false</useDomainConstraints>
<use>1</use>
<logicalDatatype>LOGDT024</logicalDatatype>
<dataTypeSize>2</dataTypeSize>
<ownDataTypeParameters>,,</ownDataTypeParameters>
<previousColumn>false</previousColumn>
<autoIncrementCycle>false</autoIncrementCycle>
<associations>
<colAssociation fkAssociation="508F7AC2-9CEF-FA19-D8DA-66ABFB791837" referredColumn="0F7AA104-2937-0912-20EF-33888BE1FFF6"/>
</associations>
</Column>
</columns>
<indexes itemClass="oracle.dbtools.crest.model.design.relational.Index">
<ind_PK_UK id="B80D3249-C7AC-E987-3C80-9EA0340F6E71" name="LOC_ID_PK">
<createdBy>bvives</createdBy>
<createdTime>2019-01-28 09:27:20 UTC</createdTime>
<generatorID>58681A3D-2A08-1B8C-A945-B37D6F95D4AF</generatorID>
<ownerDesignName>HR-OE</ownerDesignName>
<pk>true</pk>
<indexState>Primary Constraint</indexState>
<isSurrogateKey>false</isSurrogateKey>
<indexColumnUsage>
<colUsage columnID="1E62145F-1C15-6783-225C-8A4FD3CA1528"/>
</indexColumnUsage>
</ind_PK_UK>
<ind_PK_UK id="883C003A-B83C-C80C-A04E-23009B1DC1D7" name="LOC_COUNTRY_FK">
<createdBy>bvives</createdBy>
<createdTime>2019-01-28 09:27:20 UTC</createdTime>
<generatorID>985057F0-7324-7FB0-892F-5936935AC5B8</generatorID>
<ownerDesignName>HR-OE</ownerDesignName>
<indexState>Foreign Key</indexState>
<isSurrogateKey>false</isSurrogateKey>
<indexColumnUsage>
<colUsage columnID="AE363F58-477E-FEDD-7C20-848FF7E59487"/>
</indexColumnUsage>
</ind_PK_UK>
</indexes>
</Table>