<?xml version = '1.0' encoding = 'UTF-8'?>
<Table class="oracle.dbtools.crest.model.design.relational.Table" directorySegmentName="seg_0" id="D65DEF15-ECB1-DEFE-CC64-16E6E75DAF98" name="PRODUCT_INFORMATION">
<createdBy>bvives</createdBy>
<createdTime>2019-01-28 11:09:07 UTC</createdTime>
<generatorID>D76C41CB-5043-B3F6-D15B-FDFC4F594657</generatorID>
<ownerDesignName>HR-OE</ownerDesignName>
<allowColumnReorder>false</allowColumnReorder>
<existDependencyGenerateInDDl>true</existDependencyGenerateInDDl>
<parsed>true</parsed>
<columns itemClass="oracle.dbtools.crest.model.design.relational.Column">
<Column name="PRODUCT_ID" id="F6D53C16-5179-0928-5AC6-A061A87B559D">
<createdBy>bvives</createdBy>
<createdTime>2019-01-28 11:09:07 UTC</createdTime>
<generatorID>1413D747-6C02-82FD-8466-5E147811B1D7</generatorID>
<ownerDesignName>HR-OE</ownerDesignName>
<useDomainConstraints>false</useDomainConstraints>
<use>1</use>
<logicalDatatype>LOGDT019</logicalDatatype>
<dataTypePrecision>6</dataTypePrecision>
<ownDataTypeParameters>,6,</ownDataTypeParameters>
<autoIncrementCycle>false</autoIncrementCycle>
</Column>
<Column name="PRODUCT_NAME" id="00792F8F-D0EB-C780-55A0-192C8DF26717">
<createdBy>bvives</createdBy>
<createdTime>2019-01-28 11:09:07 UTC</createdTime>
<generatorID>43D4A3D6-5BE5-A75F-475D-F5AEEC310C1A</generatorID>
<ownerDesignName>HR-OE</ownerDesignName>
<nullsAllowed>true</nullsAllowed>
<useDomainConstraints>false</useDomainConstraints>
<use>1</use>
<logicalDatatype>LOGDT024</logicalDatatype>
<dataTypeSize>50</dataTypeSize>
<ownDataTypeParameters>50,,</ownDataTypeParameters>
<autoIncrementCycle>false</autoIncrementCycle>
</Column>
<Column name="PRODUCT_DESCRIPTION" id="AEEF8B9A-044B-1A7A-B817-5B8208E7E131">
<createdBy>bvives</createdBy>
<createdTime>2019-01-28 11:09:07 UTC</createdTime>
<generatorID>18F54532-AA14-BB9F-9C74-CDF1F06FF71B</generatorID>
<ownerDesignName>HR-OE</ownerDesignName>
<nullsAllowed>true</nullsAllowed>
<useDomainConstraints>false</useDomainConstraints>
<use>1</use>
<logicalDatatype>LOGDT024</logicalDatatype>
<dataTypeSize>2000</dataTypeSize>
<ownDataTypeParameters>2000,,</ownDataTypeParameters>
<autoIncrementCycle>false</autoIncrementCycle>
</Column>
<Column name="CATEGORY_ID" id="79A8FABF-FCC8-8826-E02E-0A42AA9B984D">
<createdBy>bvives</createdBy>
<createdTime>2019-02-09 15:03:10 UTC</createdTime>
<ownerDesignName>HR-OE</ownerDesignName>
<nullsAllowed>true</nullsAllowed>
<useDomainConstraints>false</useDomainConstraints>
<use>1</use>
<logicalDatatype>LOGDT019</logicalDatatype>
<dataTypePrecision>2</dataTypePrecision>
<ownDataTypeParameters>,,</ownDataTypeParameters>
<previousColumn>false</previousColumn>
<autoIncrementCycle>false</autoIncrementCycle>
<associations>
<colAssociation fkAssociation="8A0FFF74-7AB6-796C-4324-3224EA0C2F1C" referredColumn="7E32C25E-707A-8E84-2D6A-F2FCFD9F1C32"/>
</associations>
</Column>
<Column name="WEIGHT_CLASS" id="34FDA91B-3C02-7FAB-79FD-FF62DA3882DF">
<createdBy>bvives</createdBy>
<createdTime>2019-01-28 11:09:07 UTC</createdTime>
<generatorID>44AB2318-9E78-9087-01AE-BEAB65FE5684</generatorID>
<ownerDesignName>HR-OE</ownerDesignName>
<nullsAllowed>true</nullsAllowed>
<useDomainConstraints>false</useDomainConstraints>
<use>1</use>
<logicalDatatype>LOGDT019</logicalDatatype>
<ownDataTypeParameters>,,</ownDataTypeParameters>
<autoIncrementCycle>false</autoIncrementCycle>
</Column>
<Column name="WARRANTY_PERIOD" id="CEDA90F8-B4DD-6A41-50D5-14E5267A9606">
<createdBy>bvives</createdBy>
<createdTime>2019-01-28 11:09:07 UTC</createdTime>
<generatorID>CE9F4C82-6A1E-1005-1FB7-CD1AE3787D4C</generatorID>
<ownerDesignName>HR-OE</ownerDesignName>
<nullsAllowed>true</nullsAllowed>
<useDomainConstraints>false</useDomainConstraints>
<use>1</use>
<logicalDatatype>LOGDT048</logicalDatatype>
<dataTypePrecision>2</dataTypePrecision>
<ownDataTypeParameters>,2,</ownDataTypeParameters>
<autoIncrementCycle>false</autoIncrementCycle>
</Column>
<Column name="SUPPLIER_ID" id="AD7CE75A-774F-418E-6865-9B5EA91E8B0A">
<createdBy>bvives</createdBy>
<createdTime>2019-01-28 11:09:07 UTC</createdTime>
<generatorID>90DA153C-80DE-BDF0-E340-A674493B04D9</generatorID>
<ownerDesignName>HR-OE</ownerDesignName>
<nullsAllowed>true</nullsAllowed>
<useDomainConstraints>false</useDomainConstraints>
<use>1</use>
<logicalDatatype>LOGDT019</logicalDatatype>
<dataTypePrecision>6</dataTypePrecision>
<ownDataTypeParameters>,6,</ownDataTypeParameters>
<autoIncrementCycle>false</autoIncrementCycle>
</Column>
<Column name="PRODUCT_STATUS" id="6917832D-4906-949B-0669-EA91AA723E0C">
<createdBy>bvives</createdBy>
<createdTime>2019-01-28 11:09:07 UTC</createdTime>
<generatorID>20FBD579-A98D-D626-E33A-FE336895FCEA</generatorID>
<ownerDesignName>HR-OE</ownerDesignName>
<nullsAllowed>true</nullsAllowed>
<useDomainConstraints>false</useDomainConstraints>
<use>1</use>
<logicalDatatype>LOGDT024</logicalDatatype>
<dataTypeSize>20</dataTypeSize>
<ownDataTypeParameters>20,,</ownDataTypeParameters>
<autoIncrementCycle>false</autoIncrementCycle>
</Column>
<Column name="LIST_PRICE" id="527B92CD-413C-27B4-D4A7-BC03B61465C1">
<createdBy>bvives</createdBy>
<createdTime>2019-01-28 11:09:07 UTC</createdTime>
<generatorID>7E810AC2-26EF-87A8-6DC4-BD47486AC4BD</generatorID>
<ownerDesignName>HR-OE</ownerDesignName>
<nullsAllowed>true</nullsAllowed>
<useDomainConstraints>false</useDomainConstraints>
<use>1</use>
<logicalDatatype>LOGDT019</logicalDatatype>
<dataTypePrecision>8</dataTypePrecision>
<dataTypeScale>2</dataTypeScale>
<ownDataTypeParameters>,8,2</ownDataTypeParameters>
<autoIncrementCycle>false</autoIncrementCycle>
</Column>
<Column name="MIN_PRICE" id="5548F128-C710-3D0D-D623-25ADBB3BBE97">
<createdBy>bvives</createdBy>
<createdTime>2019-01-28 11:09:07 UTC</createdTime>
<generatorID>6125F85F-32A1-50C2-C535-6BC85E8C9B00</generatorID>
<ownerDesignName>HR-OE</ownerDesignName>
<nullsAllowed>true</nullsAllowed>
<useDomainConstraints>false</useDomainConstraints>
<use>1</use>
<logicalDatatype>LOGDT019</logicalDatatype>
<dataTypePrecision>8</dataTypePrecision>
<dataTypeScale>2</dataTypeScale>
<ownDataTypeParameters>,8,2</ownDataTypeParameters>
<autoIncrementCycle>false</autoIncrementCycle>
</Column>
<Column name="CATALOG_URL" id="2C17AAED-817E-2877-75C9-1179E089120F">
<createdBy>bvives</createdBy>
<createdTime>2019-01-28 11:09:07 UTC</createdTime>
<generatorID>2702E85A-7B2B-FE26-7A66-814F120F27CB</generatorID>
<ownerDesignName>HR-OE</ownerDesignName>
<nullsAllowed>true</nullsAllowed>
<useDomainConstraints>false</useDomainConstraints>
<use>1</use>
<logicalDatatype>LOGDT024</logicalDatatype>
<dataTypeSize>50</dataTypeSize>
<ownDataTypeParameters>50,,</ownDataTypeParameters>
<autoIncrementCycle>false</autoIncrementCycle>
</Column>
</columns>
<indexes itemClass="oracle.dbtools.crest.model.design.relational.Index">
<ind_PK_UK id="C2493742-9E9E-4310-2495-B453231A14E9" name="PRODUCT_INF_PK">
<createdBy>bvives</createdBy>
<createdTime>2019-01-28 11:09:07 UTC</createdTime>
<generatorID>B8D92C2D-4C63-513C-E7BA-7FFA1B2763E6</generatorID>
<ownerDesignName>HR-OE</ownerDesignName>
<pk>true</pk>
<indexState>Primary Constraint</indexState>
<isSurrogateKey>false</isSurrogateKey>
<indexColumnUsage>
<colUsage columnID="F6D53C16-5179-0928-5AC6-A061A87B559D"/>
</indexColumnUsage>
</ind_PK_UK>
<ind_PK_UK id="3604D486-6989-51C7-0E2A-752DE6BCD9C2" name="PRODUCT_INF_CATEGORIES_TAB_FK">
<createdBy>bvives</createdBy>
<createdTime>2019-02-09 15:03:10 UTC</createdTime>
<generatorID>6EB65271-9A61-4FCA-F3F2-19D316E48E1B</generatorID>
<ownerDesignName>HR-OE</ownerDesignName>
<indexState>Foreign Key</indexState>
<isSurrogateKey>false</isSurrogateKey>
<indexColumnUsage>
<colUsage columnID="79A8FABF-FCC8-8826-E02E-0A42AA9B984D"/>
</indexColumnUsage>
</ind_PK_UK>
</indexes>
</Table>